Workbook

Sheet Sheet1
A1: EmpId | B1: EmpName | C1: Designation | D1: PresentDays | E1: AbsentDays | F1: LeaveDays | G1: OTDays | H1: Days
A2: 10000 | B2: Jitendra Kushwaha | C2: Patroller | D2: 30 | E2: 0 | F2: 0 | G2: 0 | H2: =D2+G2 -> 30
A3: 10001 | B3: Indra Pratap Singh | C3: Patroller | D3: 30 | E3: 0 | F3: 0 | G3: 0 | H3: =D3+G3 -> 30
A4: 10002 | B4: Alok Kumar | C4: Patroller | D4: 30 | E4: 0 | F4: 0 | G4: 0 | H4: =D4+G4 -> 30
A5: 10003 | B5: Dileep Kumar | C5: Patroller | D5: 30 | E5: 0 | F5: 0 | G5: 0 | H5: =D5+G5 -> 30
A6: 10004 | B6: Brijendra Singh | C6: Patroller | D6: 30 | E6: 0 | F6: 0 | G6: 0 | H6: =D6+G6 -> 30
A7: 10005 | B7: Bharat Prasad | C7: Patroller | D7: 30 | E7: 0 | F7: 0 | G7: 0 | H7: =D7+G7 -> 30
A8: 10006 | B8: Ganesh | C8: Patroller | D8: 30 | E8: 0 | F8: 0 | G8: 0 | H8: =D8+G8 -> 30
A9: 10007 | B9: Digvijay Singh | C9: Patroller | D9: 30 | E9: 0 | F9: 0 | G9: 0 | H9: =D9+G9 -> 30
A10: 10008 | B10: Anoop Kumar | C10: Patroller | D10: 30 | E10: 0 | F10: 0 | G10: 0 | H10: =D10+G10 -> 30
A11: 10009 | B11: Jagdeesh Kumhar | C11: Patroller | D11: 30 | E11: 0 | F11: 0 | G11: 0 | H11: =D11+G11 -> 30
A12: 10010 | B12: Kailash Kushwaha | C12: Patroller | D12: 30 | E12: 0 | F12: 0 | G12: 0 | H12: =D12+G12 -> 30
A13: 10011 | B13: Satyam Kumar | C13: Patroller | D13: 30 | E13: 0 | F13: 0 | G13: 0 | H13: =D13+G13 -> 30
... A188: 8210 | B188: Suresh Dharmdas Patil | C188: Site Caretaker | D188: 30 | E188: 0 | F188: 0 | G188: 0 | H188: =D188+G188 -> 30
A189: 8269 | B189: Bacchan Lala | C189: 0 | D189: 30 | E189: 0 | F189: 0 | G189: 0 | H189: =D189+G189 -> 30
A190: 8289 | B190: Kuldeep Singh | C190: IT Head | D190: 30 | E190: 0 | F190: 0 | G190: 0 | H190: =D190+G190 -> 30
A191: 8339 | B191: Nagraj A Naik | C191: Rigger | D191: 30 | E191: 0 | F191: 0 | G191: 0 | H191: =D191+G191 -> 30
A192: 8348 | B192: Amrut Madhu Gavit | C192: Labour | D192: 30 | E192: 0 | F192: 0 | G192: 0 | H192: =D192+G192 -> 30
A193: 8349 | B193: Dipak Santosh Dhangar | C193: Rigger | D193: 30 | E193: 0 | F193: 0 | G193: 0 | H193: =D193+G193 -> 30
A194: 8374 | B194: Ankush Bhardwaj | C194: Manager | D194: 30 | E194: 0 | F194: 0 | G194: 0 | H194: =D194+G194 -> 30
A195: 8385 | B195: Anil Sudhaker Jagtap | C195: Rigger | D195: 30 | E195: 0 | F195: 0 | G195: 0 | H195: =D195+G195 -> 30
A196: 8395 | B196: Vikarant Ramdas Meshram | C196: Labour | D196: 30 | E196: 0 | F196: 0 | G196: 0 | H196: =D196+G196 -> 30
A197: 8396 | B197: Snehal Devanand Meshram | C197: Rigger | D197: 30 | E197: 0 | F197: 0 | G197: 0 | H197: =D197+G197 -> 30
A198: 8411 | B198: Ambadas Nanasaheb Dhanwate | C198: Rigger | D198: 30 | E198: 0 | F198: 0 | G198: 0 | H198: =D198+G198 -> 30
A199: 8458 | B199: Chauhan Premjibhai Devsibhai | C199: Labour | D199: 30 | E199: 0 | F199: 0 | G199: 0 | H199: =D199+G199 -> 30
A200: 8470 | B200: Mangesh Sahadevrao Chavhan | C200: Labour | D200: 30 | E200: 0 | F200: 0 | G200: 0 | H200: =D200+G200 -> 30
A201: 8473 | B201: Rohit Harishchandra Patil | C201: Labour | D201: 27 | E201: 0 | F201: 0 | G201: 0 | H201: =D201+G201 -> 27
... A227: 9561 | B227: Anmol Saini | C227: IOS Developer | D227: 29 | E227: 0 | F227: 1 | G227: 0 | H227: =D227+G227 -> 29
A228: 9617 | B228: Rahul Kaushik | C228: 0 | D228: 22 | E228: 0 | F228: 0 | G228: 0 | H228: =D228+G228 -> 22
A229: 9624 | B229: Mohit Agrawal | C229: Inside Sale Officer | D229: 30 | E229: 0 | F229: 0 | G229: 0 | H229: =D229+G229 -> 30
A230: 9625 | B230: Deepak Kumar | C230: Project Lead | D230: 30 | E230: 0 | F230: 0 | G230: 0 | H230: =D230+G230 -> 30
A231: 9629 | B231: Gaurav Saxena | C231: Project Manager | D231: 30 | E231: 0 | F231: 0 | G231: 0 | H231: =D231+G231 -> 30
A232: 9648 | B232: Vijay Kumar | C232: Centre Project Coordinator | D232: 30 | E232: 0 | F232: 0 | G232: 0 | H232: =D232+G232 -> 30
A233: 9663 | B233: Jagvir Singh | C233: Assistant Manager | D233: 30 | E233: 0 | F233: 0 | G233: 0 | H233: =D233+G233 -> 30
A234: 9675 | B234: Soni Jain | C234: Finance Controler | D234: 30 | E234: 0 | F234: 0 | G234: 0 | H234: =D234+G234 -> 30
A235: 9677 | B235: Sajal Halder | C235: Senior Superviser | D235: 30 | E235: 0 | F235: 0 | G235: 0 | H235: =D235+G235 -> 30
A236: 9680 | B236: Anil Kumar | C236: Patroller | D236: 30 | E236: 0 | F236: 0 | G236: 0 | H236: =D236+G236 -> 30
A237: 9681 | B237: Krishana Kumar | C237: Patroller | D237: 30 | E237: 0 | F237: 0 | G237: 0 | H237: =D237+G237 -> 30
A238: 9682 | B238: Pravesh Katiyar | C238: Patroller | D238: 30 | E238: 0 | F238: 0 | G238: 0 | H238: =D238+G238 -> 30
A239: 9683 | B239: Gangaram | C239: Patroller | D239: 30 | E239: 0 | F239: 0 | G239: 0 | H239: =D239+G239 -> 30
A240: 9684 | B240: Chandrapal | C240: Patroller | D240: 30 | E240: 0 | F240: 0 | G240: 0 | H240: =D240+G240 -> 30
... A414: 9999 | B414: Pradeep Kumar | C414: Patroller | D414: 30 | E414: 0 | F414: 0 | G414: 0 | H414: =D414+G414 -> 30
A415: TR-1003 | B415: Sakshi Dhull | C415: Sales and Marketing Manager | D415: 0 | E415: 0 | F415: 0 | G415: 0 | H415: =D415+G415 -> 0
A416: TR-1075 | B416: Bishnu Bahadur Gurung | C416: Office Boy | D416: 0 | E416: 0 | F416: 0 | G416: 0 | H416: =D416+G416 -> 0
A417: TR-1084 | B417: Gurcharan Singh | C417: Software Developer | D417: 30 | E417: 0 | F417: 0 | G417: 0 | H417: =D417+G417 -> 30
A418: TR-1093 | B418: Saganpreet Singh | C418: 0 | D418: 30 | E418: 0 | F418: 0 | G418: 0 | H418: =D418+G418 -> 30
A419: TR-1126 | B419: Dhanjay Popat Ghodke | C419: Rigger | D419: 30 | E419: 0 | F419: 0 | G419: 0 | H419: =D419+G419 -> 30
A420: TR-1139 | B420: Parag Hari Sarang | C420: Rigger | D420: 30 | E420: 0 | F420: 0 | G420: 0 | H420: =D420+G420 -> 30
A421: TR-1172 | B421: Devanand Maurya | C421: Network Engineer | D421: 30 | E421: 0 | F421: 0 | G421: 0 | H421: =D421+G421 -> 30
A422: TR-1177 | B422: Akash Arvind Mathankar | C422: Site Caretaker | D422: 30 | E422: 0 | F422: 0 | G422: 0 | H422: =D422+G422 -> 30
A423: TR-1178 | B423: Dhammashil Ramdas Thunukale | C423: Site Caretaker | D423: 30 | E423: 0 | F423: 0 | G423: 0 | H423: =D423+G423 -> 30
A424: TR-1180 | B424: Anshudeep | C424: Technician | D424: 30 | E424: 0 | F424: 0 | G424: 0 | H424: =D424+G424 -> 30
A425: TR-1198 | B425: Mahendra Rambhau Diwate | C425: Labour | D425: 30 | E425: 0 | F425: 0 | G425: 0 | H425: =D425+G425 -> 30
A426: TR-1200 | B426: Ruprao Moreshwar Sirsat | C426: Rigger | D426: 30 | E426: 0 | F426: 0 | G426: 0 | H426: =D426+G426 -> 30
A427: TR-1209 | B427: Parmod Sogrwal | C427: Technician | D427: 15 | E427: 0 | F427: 0 | G427: 0 | H427: =D427+G427 -> 15
A428: TR-1239 | B428: Munshi Murmu | C428: Labour | D428: 30 | E428: 0 | F428: 0 | G428: 0 | H428: =D428+G428 -> 30
A429: TR-1240 | B429: Lakiram Murmu | C429: Labour | D429: 30 | E429: 0 | F429: 0 | G429: 0 | H429: =D429+G429 -> 30
A430: TR-1270 | B430: Bhavesh Bhai | C430: Labour | D430: 30 | E430: 0 | F430: 0 | G430: 0 | H430: =D430+G430 -> 30
... A433: TR-1302 | B433: Sangada Vijay Bhai | C433: Site Caretaker | D433: 30 | E433: 0 | F433: 0 | G433: 0 | H433: =D433+G433 -> 30
A434: TR-1321 | B434: Darshankumar Modi | C434: 0 | D434: 30 | E434: 0 | F434: 0 | G434: 0 | H434: =D434+G434 -> 30
A435: TR-1368 | B435: Gaurav Singh Hada | C435: HR Coordinator | D435: 30 | E435: 0 | F435: 0 | G435: 0 | H435: =D435+G435 -> 30
A436: TR-1384 | B436: Vishnu Kumar | C436: Network Engineer | D436: 30 | E436: 0 | F436: 0 | G436: 0 | H436: =D436+G436 -> 30
A437: TR-1404 | B437: Ajay Sanjay Ninave | C437: Rigger | D437: 30 | E437: 0 | F437: 0 | G437: 0 | H437: =D437+G437 -> 30
A438: TR-1438 | B438: Atul A Balsaraf | C438: Technician | D438: 0 | E438: 0 | F438: 0 | G438: 0 | H438: =D438+G438 -> 0
A439: TR-1441 | B439: Mukesh Nagar | C439: Network Engineer | D439: 30 | E439: 0 | F439: 0 | G439: 0 | H439: =D439+G439 -> 30
A440: TR-1448 | B440: Sachin Vats | C440: MIS Executive | D440: 30 | E440: 0 | F440: 0 | G440: 0 | H440: =D440+G440 -> 30
A441: TR-1464 | B441: Pravin Suresh Ghadi | C441: Rigger | D441: 30 | E441: 0 | F441: 0 | G441: 0 | H441: =D441+G441 -> 30
A442: TR-1471 | B442: Jadhav Rajabhau Tukaram | C442: Labour | D442: 30 | E442: 0 | F442: 0 | G442: 0 | H442: =D442+G442 -> 30
A443: TR-1473 | B443: Kailas Tukaram Barkale | C443: Rigger | D443: 30 | E443: 0 | F443: 0 | G443: 0 | H443: =D443+G443 -> 30
A444: TR-1475 | B444: Nagorao Marotrao Deshmukh | C444: Labour | D444: 30 | E444: 0 | F444: 0 | G444: 0 | H444: =D444+G444 -> 30
A445: TR-1490 | B445: Omkar Bhagban Yadav | C445: Site Caretaker | D445: 30 | E445: 0 | F445: 0 | G445: 0 | H445: =D445+G445 -> 30
A446: TR-1506 | B446: Nilesh Madhukar Pawar | C446: Rigger | D446: 30 | E446: 0 | F446: 0 | G446: 0 | H446: =D446+G446 -> 30
... A456: TR-1617 | B456: Suresh Gendaji Garud | C456: Rigger | D456: 30 | E456: 0 | F456: 0 | G456: 0 | H456: =D456+G456 -> 30
A457: TR-1623 | B457: Shailja | C457: 0 | D457: 30 | E457: 0 | F457: 0 | G457: 0 | H457: =D457+G457 -> 30
A458: TR-1627 | B458: Harinder Pal Singh | C458: Network Engineer | D458: 30 | E458: 0 | F458: 0 | G458: 0 | H458: =D458+G458 -> 30
A459: TR-1629 | B459: Abhishek Namdev Palkar | C459: Labour | D459: 30 | E459: 0 | F459: 0 | G459: 0 | H459: =D459+G459 -> 30
A460: TR-1652 | B460: Sumit Ramdasji Thumukale | C460: Rigger | D460: 30 | E460: 0 | F460: 0 | G460: 0 | H460: =D460+G460 -> 30
A461: TR-1653 | B461: Sagar Prakash Satrote | C461: Labour | D461: 30 | E461: 0 | F461: 0 | G461: 0 | H461: =D461+G461 -> 30
A462: TR-1657 | B462: Shashikant Sahdev Nirmal | C462: Rigger | D462: 30 | E462: 0 | F462: 0 | G462: 0 | H462: =D462+G462 -> 30
A463: TR-1659 | B463: Sanket Mahadev Kamble | C463: Labour | D463: 30 | E463: 0 | F463: 0 | G463: 0 | H463: =D463+G463 -> 30
A464: TR-1662 | B464: Mahesh Madan Patil | C464: Rigger | D464: 30 | E464: 0 | F464: 0 | G464: 0 | H464: =D464+G464 -> 30
A465: TR-1663 | B465: Ladshet Chandrakant Inar | C465: Rigger | D465: 30 | E465: 0 | F465: 0 | G465: 0 | H465: =D465+G465 -> 30
A466: TR-1679 | B466: Balaji Dagadu Yadav | C466: Rigger | D466: 30 | E466: 0 | F466: 0 | G466: 0 | H466: =D466+G466 -> 30
A467: TR-1689 | B467: Shekhar Irappa Kante | C467: Rigger | D467: 30 | E467: 0 | F467: 0 | G467: 0 | H467: =D467+G467 -> 30
A468: TR-1697 | B468: Annaded Gunavant More | C468: Site Caretaker | D468: 30 | E468: 0 | F468: 0 | G468: 0 | H468: =D468+G468 -> 30
A469: TR-1703 | B469: Avinash Sitape | C469: Site Caretaker | D469: 30 | E469: 0 | F469: 0 | G469: 0 | H469: =D469+G469 -> 30
... A572: TR-2862 | B572: Amol Anant Kadam | C572: Rigger | D572: 30 | E572: 0 | F572: 0 | G572: 0 | H572: =D572+G572 -> 30
A573: TR-2867 | B573: Abdulwaris Abdulsaif Shaikh | C573: 0 | D573: 10 | E573: 0 | F573: 0 | G573: 0 | H573: =D573+G573 -> 10
A574: TR-2872 | B574: Mahadev Dipchand Sambare | C574: Rigger | D574: 30 | E574: 0 | F574: 0 | G574: 0 | H574: =D574+G574 -> 30
A575: TR-2875 | B575: Rajinder Singh | C575: Labour | D575: 30 | E575: 0 | F575: 0 | G575: 0 | H575: =D575+G575 -> 30
A576: TR-2929 | B576: Nitesh Vilas Pawar | C576: Labour | D576: 30 | E576: 0 | F576: 0 | G576: 0 | H576: =D576+G576 -> 30
A577: TR-2934 | B577: Gaurav Dattaram Bidaye | C577: Site Caretaker | D577: 30 | E577: 0 | F577: 0 | G577: 0 | H577: =D577+G577 -> 30
A578: TR-2935 | B578: Sachin Pandurang Rawool | C578: Site Caretaker | D578: 30 | E578: 0 | F578: 0 | G578: 0 | H578: =D578+G578 -> 30
A579: TR-2936 | B579: Harischandra Sopan Marakad | C579: Rigger | D579: 30 | E579: 0 | F579: 0 | G579: 0 | H579: =D579+G579 -> 30
A580: TR-2938 | B580: Rahul Balaso Buwa | C580: Rigger | D580: 30 | E580: 0 | F580: 0 | G580: 0 | H580: =D580+G580 -> 30
A581: TR-2942 | B581: Vaibhav Sambhaji Chaugule | C581: Rigger | D581: 30 | E581: 0 | F581: 0 | G581: 0 | H581: =D581+G581 -> 30
A582: TR-2952 | B582: Salagar Raishankar | C582: Labour | D582: 30 | E582: 0 | F582: 0 | G582: 0 | H582: =D582+G582 -> 30
A583: TR-2962 | B583: Prakash Bandu Bhojane | C583: Labour | D583: 30 | E583: 0 | F583: 0 | G583: 0 | H583: =D583+G583 -> 30
A584: TR-2968 | B584: Amruta Ananda Kaule | C584: Labour | D584: 30 | E584: 0 | F584: 0 | G584: 0 | H584: =D584+G584 -> 30
A585: TR-2978 | B585: Akshay Tailor | C585: Network Engineer | D585: 30 | E585: 0 | F585: 0 | G585: 0 | H585: =D585+G585 -> 30
...

Sheet sep
A1: Code | B1: Employee | C1: Designation | D1: Present | E1: Absent | F1: Leave | G1: Over Time | H1: Total Days
A2: 10002 | B2: Alok Kumar | C2: Patroller | D2: 30 | E2: 0 | F2: 0 | G2: 0 | H2: 30 | I2: =VLOOKUP(A2,Sheet2!A4:B1102,2,0) -> Alok Kumar
A3: 10013 | B3: Anil Singh | C3: Patroller | D3: 30 | E3: 0 | F3: 0 | G3: 0 | H3: 30 | I3: =VLOOKUP(A3,Sheet2!A15:B1113,2,0) -> Anil Singh
A4: 10008 | B4: Anoop Kumar | C4: Patroller | D4: 30 | E4: 0 | F4: 0 | G4: 0 | H4: 30 | I4: =VLOOKUP(A4,Sheet2!A10:B1108,2,0) -> Anoop Kumar
A5: 10005 | B5: Bharat Prasad | C5: Patroller | D5: 30 | E5: 0 | F5: 0 | G5: 0 | H5: 30 | I5: =VLOOKUP(A5,Sheet2!A7:B1105,2,0) -> Bharat Prasad
A6: 10004 | B6: Brijendra Singh | C6: Patroller | D6: 30 | E6: 0 | F6: 0 | G6: 0 | H6: 30 | I6: =VLOOKUP(A6,Sheet2!A6:B1104,2,0) -> Brijendra Singh
A7: 10007 | B7: Digvijay Singh | C7: Patroller | D7: 30 | E7: 0 | F7: 0 | G7: 0 | H7: 30 | I7: =VLOOKUP(A7,Sheet2!A9:B1107,2,0) -> Digvijay Singh
A8: 10003 | B8: Dileep Kumar | C8: Patroller | D8: 30 | E8: 0 | F8: 0 | G8: 0 | H8: 30 | I8: =VLOOKUP(A8,Sheet2!A5:B1103,2,0) -> Dileep Kumar
A9: 10017 | B9: Dinesh Pal | C9: Patroller | D9: 30 | E9: 0 | F9: 0 | G9: 0 | H9: 30 | I9: =VLOOKUP(A9,Sheet2!A19:B1117,2,0) -> Dinesh Pal
A10: 10006 | B10: Ganesh | C10: Patroller | D10: 30 | E10: 0 | F10: 0 | G10: 0 | H10: 30 | I10: =VLOOKUP(A10,Sheet2!A8:B1106,2,0) -> Ganesh
A11: 10015 | B11: Gyan Singh | C11: Patroller | D11: 30 | E11: 0 | F11: 0 | G11: 0 | H11: 30 | I11: =VLOOKUP(A11,Sheet2!A17:B1115,2,0) -> Gyan Singh
A12: 10001 | B12: Indra Pratap Singh | C12: Patroller | D12: 30 | E12: 0 | F12: 0 | G12: 0 | H12: 30 | I12: =VLOOKUP(A12,Sheet2!A3:B1101,2,0) -> Indra Pratap Singh
A13: 10009 | B13: Jagdeesh Kumhar | C13: Patroller | D13: 30 | E13: 0 | F13: 0 | G13: 0 | H13: 30 | I13: =VLOOKUP(A13,Sheet2!A11:B1109,2,0) -> Jagdeesh Kumhar
A14: 10000 | B14: Jitendra Kushwaha | C14: Patroller | D14: 30 | E14: 0 | F14: 0 | G14: 0 | H14: 30 | I14: =VLOOKUP(A14,Sheet2!A2:B1100,2,0) -> Jitendra Kushwaha
A15: 10010 | B15: Kailash Kushwaha | C15: Patroller | D15: 30 | E15: 0 | F15: 0 | G15: 0 | H15: 30 | I15: =VLOOKUP(A15,Sheet2!A12:B1110,2,0) -> Kailash Kushwaha
A16: 10023 | B16: Kailash Singh | C16: Patroller | D16: 30 | E16: 0 | F16: 0 | G16: 0 | H16: 30 | I16: =VLOOKUP(A16,Sheet2!A24:B1122,2,0) -> Kailash Singh
A17: 10012 | B17: Manoj | C17: Patroller | D17: 30 | E17: 0 | F17: 0 | G17: 0 | H17: 30 | I17: =VLOOKUP(A17,Sheet2!A14:B1112,2,0) -> Manoj
A18: 10016 | B18: Pinku | C18: Patroller | D18: 30 | E18: 0 | F18: 0 | G18: 0 | H18: 30 | I18: =VLOOKUP(A18,Sheet2!A18:B1116,2,0) -> Pinku
A19: 10018 | B19: Prashant Pal | C19: Patroller | D19: 30 | E19: 0 | F19: 0 | G19: 0 | H19: 30 | I19: =VLOOKUP(A19,Sheet2!A20:B1118,2,0) -> Prashant Pal
A20: 10019 | B20: Rajesh Pal | C20: Patroller | D20: 30 | E20: 0 | F20: 0 | G20: 0 | H20: 30 | I20: =VLOOKUP(A20,Sheet2!A21:B1119,2,0) -> Rajesh Pal
A21: 10014 | B21: Ranjdeep Singh Bundela | C21: Patroller | D21: 30 | E21: 0 | F21: 0 | G21: 0 | H21: 30 | I21: =VLOOKUP(A21,Sheet2!A16:B1114,2,0) -> Ranjdeep Singh Bundela
A22: 10020 | B22: Ravindra Kumar Vishwakarma | C22: Patroller | D22: 30 | E22: 0 | F22: 0 | G22: 0 | H22: 30 | I22: =VLOOKUP(A22,Sheet2!A22:B1120,2,0) -> Ravindra Kumar Vishwakarma
A23: 10011 | B23: Satyam Kumar | C23: Patroller | D23: 30 | E23: 0 | F23: 0 | G23: 0 | H23: 30 | I23: =VLOOKUP(A23,Sheet2!A13:B1111,2,0) -> Satyam Kumar
A24: 10022 | B24: Shailendra Kumar Yadav | C24: Patroller | D24: 30 | E24: 0 | F24: 0 | G24: 0 | H24: 30 | I24: =VLOOKUP(A24,Sheet2!A23:B1121,2,0) -> Shailendra Kumar Yadav
A25: 10024 | B25: Shaik Babavali | C25: Patroller | D25: 30 | E25: 0 | F25: 0 | G25: 0 | H25: 30 | I25: =VLOOKUP(A25,Sheet2!A2:B1100,2,0) -> #N/A | J25: =VLOOKUP(A25,Sheet2!A2:C1100,2,0) -> #N/A
A26: 10025 | B26: Nagularapu Nagendra | C26: Patroller | D26: 30 | E26: 0 | F26: 0 | G26: 0 | H26: 30 | I26: =VLOOKUP(A26,Sheet2!A2:B1100,2,0) -> #N/A | J26: =VLOOKUP(A26,Sheet2!A3:C1101,2,0) -> #N/A
A27: 10026 | B27: Thippanaik | C27: Patroller | D27: 30 | E27: 0 | F27: 0 | G27: 0 | H27: 30 | I27: =VLOOKUP(A27,Sheet2!A2:B1100,2,0) -> #N/A | J27: =VLOOKUP(A27,Sheet2!A4:C1102,2,0) -> #N/A
A28: 10027 | B28: Vuddandam Eswaraiah | C28: Patroller | D28: 30 | E28: 0 | F28: 0 | G28: 0 | H28: 30 | I28: =VLOOKUP(A28,Sheet2!A3:B1101,2,0) -> #N/A | J28: =VLOOKUP(A28,Sheet2!A5:C1103,2,0) -> #N/A
A29: 10028 | B29: Gali Siva Sankar Reddy | C29: Patroller | D29: 30 | E29: 0 | F29: 0 | G29: 0 | H29: 30 | I29: =VLOOKUP(A29,Sheet2!A4:B1102,2,0) -> #N/A | J29: =VLOOKUP(A29,Sheet2!A6:C1104,2,0) -> #N/A
A30: 10029 | B30: Jetti Suresh | C30: Patroller | D30: 30 | E30: 0 | F30: 0 | G30: 0 | H30: 30 | I30: =VLOOKUP(A30,Sheet2!A5:B1103,2,0) -> #N/A | J30: =VLOOKUP(A30,Sheet2!A7:C1105,2,0) -> #N/A
A31: 10030 | B31: M Damodaram | C31: Patroller | D31: 30 | E31: 0 | F31: 0 | G31: 0 | H31: 30 | I31: =VLOOKUP(A31,Sheet2!A6:B1104,2,0) -> #N/A | J31: =VLOOKUP(A31,Sheet2!A8:C1106,2,0) -> #N/A
A32: 10031 | B32: Mitta Gurumurthy | C32: Patroller | D32: 30 | E32: 0 | F32: 0 | G32: 0 | H32: 30 | I32: =VLOOKUP(A32,Sheet2!A7:B1105,2,0) -> #N/A | J32: =VLOOKUP(A32,Sheet2!A9:C1107,2,0) -> #N/A
A33: 10032 | B33: Pagadala Shabaresh | C33: Patroller | D33: 30 | E33: 0 | F33: 0 | G33: 0 | H33: 30 | I33: =VLOOKUP(A33,Sheet2!A8:B1106,2,0) -> #N/A | J33: =VLOOKUP(A33,Sheet2!A10:C1108,2,0) -> #N/A
A34: 10033 | B34: Basineni Maheswar | C34: Patroller | D34: 30 | E34: 0 | F34: 0 | G34: 0 | H34: 30 | I34: =VLOOKUP(A34,Sheet2!A9:B1107,2,0) -> #N/A | J34: =VLOOKUP(A34,Sheet2!A11:C1109,2,0) -> #N/A
A35: 10034 | B35: V Eswarappa | C35: Patroller | D35: 30 | E35: 0 | F35: 0 | G35: 0 | H35: 30 | I35: =VLOOKUP(A35,Sheet2!A10:B1108,2,0) -> #N/A | J35: =VLOOKUP(A35,Sheet2!A12:C1110,2,0) -> #N/A
A36: 10035 | B36: Anandala Ravindra | C36: Patroller | D36: 30 | E36: 0 | F36: 0 | G36: 0 | H36: 30 | I36: =VLOOKUP(A36,Sheet2!A11:B1109,2,0) -> #N/A | J36: =VLOOKUP(A36,Sheet2!A13:C1111,2,0) -> #N/A
A37: 10036 | B37: Golla Nagendra | C37: Patroller | D37: 30 | E37: 0 | F37: 0 | G37: 0 | H37: 30 | I37: =VLOOKUP(A37,Sheet2!A12:B1110,2,0) -> #N/A | J37: =VLOOKUP(A37,Sheet2!A14:C1112,2,0) -> #N/A
A38: 10037 | B38: D B Rama Krishna | C38: Patroller | D38: 30 | E38: 0 | F38: 0 | G38: 0 | H38: 30 | I38: =VLOOKUP(A38,Sheet2!A13:B1111,2,0) -> #N/A | J38: =VLOOKUP(A38,Sheet2!A15:C1113,2,0) -> #N/A
... A939: 9999 | B939: Pradeep Kumar | C939: Patroller | D939: 30 | E939: 0 | F939: 0 | G939: 0 | H939: 30 | I939: =VLOOKUP(A939,Sheet2!A914:B2012,2,0) -> #N/A | J939: =VLOOKUP(A939,Sheet2!A916:C2014,2,0) -> #N/A
A940: TR-1000 | B940: Vikash Sharma | C940: Electrician | D940: 30 | E940: 0 | F940: 0 | G940: 0 | H940: 30 | I940: =VLOOKUP(A940,Sheet2!A915:B2013,2,0) -> #N/A | J940: =VLOOKUP(A940,Sheet2!A917:C2015,2,0) -> #N/A
A941: TR-1003 | B941: Sakshi Dhull | C941: Consultant | D941: 0 | E941: 0 | F941: 0 | G941: 0 | H941: 30 | I941: =VLOOKUP(A941,Sheet2!A916:B2014,2,0) -> #N/A | J941: =VLOOKUP(A941,Sheet2!A918:C2016,2,0) -> #N/A
A942: TR-1075 | B942: Bishnu Bahadur Gurung | C942: Peon | D942: 0 | E942: 0 | F942: 0 | G942: 0 | H942: 30 | I942: =VLOOKUP(A942,Sheet2!A917:B2015,2,0) -> #N/A | J942: =VLOOKUP(A942,Sheet2!A919:C2017,2,0) -> #N/A
A943: TR-1084 | B943: Gurcharan Singh | C943: Web Designer | D943: 30 | E943: 0 | F943: 0 | G943: 0 | H943: 30 | I943: =VLOOKUP(A943,Sheet2!A918:B2016,2,0) -> #N/A | J943: =VLOOKUP(A943,Sheet2!A920:C2018,2,0) -> #N/A
A944: TR-1093 | B944: Saganpreet Singh | C944: Network Engineer | D944: 30 | E944: 0 | F944: 0 | G944: 0 | H944: 30 | I944: =VLOOKUP(A944,Sheet2!A919:B2017,2,0) -> #N/A | J944: =VLOOKUP(A944,Sheet2!A921:C2019,2,0) -> #N/A
A945: TR-1117 | B945: Raj Bahadur Saroj | C945: Route Guard | D945: 30 | E945: 0 | F945: 0 | G945: 0 | H945: 30 | I945: =VLOOKUP(A945,Sheet2!A920:B2018,2,0) -> #N/A | J945: =VLOOKUP(A945,Sheet2!A922:C2020,2,0) -> #N/A
A946: TR-1120 | B946: Harinderjeet Singh | C946: Technician | D946: 0 | E946: 0 | F946: 0 | G946: 0 | H946: 30 | I946: =VLOOKUP(A946,Sheet2!A921:B2019,2,0) -> #N/A | J946: =VLOOKUP(A946,Sheet2!A923:C2021,2,0) -> #N/A
A947: TR-1126 | B947: Dhanjay Popat Ghodke | C947: Labour | D947: 30 | E947: 0 | F947: 0 | G947: 0 | H947: 30 | I947: =VLOOKUP(A947,Sheet2!A922:B2020,2,0) -> #N/A | J947: =VLOOKUP(A947,Sheet2!A924:C2022,2,0) -> #N/A
A948: TR-1139 | B948: Parag Sarang | C948: Route Guard | D948: 30 | E948: 0 | F948: 0 | G948: 0 | H948: 30 | I948: =VLOOKUP(A948,Sheet2!A923:B2021,2,0) -> #N/A | J948: =VLOOKUP(A948,Sheet2!A925:C2023,2,0) -> #N/A
A949: TR-1140 | B949: Babu Gurav | C949: Labour | D949: 30 | E949: 0 | F949: 0 | G949: 0 | H949: 30 | I949: =VLOOKUP(A949,Sheet2!A924:B2022,2,0) -> #N/A | J949: =VLOOKUP(A949,Sheet2!A926:C2024,2,0) -> #N/A
A950: TR-1160 | B950: Ankur | C950: Labour | D950: 30 | E950: 0 | F950: 0 | G950: 0 | H950: 30 | I950: =VLOOKUP(A950,Sheet2!A925:B2023,2,0) -> #N/A | J950: =VLOOKUP(A950,Sheet2!A927:C2025,2,0) -> #N/A
A951: TR-1172 | B951: Devanand Maurya | C951: Network Engineer | D951: 30 | E951: 0 | F951: 0 | G951: 0 | H951: 30 | I951: =VLOOKUP(A951,Sheet2!A926:B2024,2,0) -> #N/A | J951: =VLOOKUP(A951,Sheet2!A928:C2026,2,0) -> #N/A
... A1958: TR-922 | B1958: Shivam Kumar | C1958: Technician | D1958: 30 | E1958: 0 | F1958: 0 | G1958: 0 | H1958: 30 | I1958: =VLOOKUP(A1958,Sheet2!A1933:B3031,2,0) -> #N/A | J1958: =VLOOKUP(A1958,Sheet2!A1935:C3033,2,0) -> #N/A

Sheet Sheet2
A1: Empoyee ID | B1: Employee Name | C1: Father's Name | D1: Mother's Name | E1: Da te of Birth | F1: Address | G1: City Name | H1: Mobile | J1: Email | K1: Gender | L1: Date of Joining | M1: Category | N1: Department | O1: Designation | P1: Employee Type | Q1: Grade | R1: Is Active | S1: HOD | T1: Manager ID | U1: Reporting Manager | V1: UAN No | W1: ESI NO | X1: PAN | Y1: Aadhaar No | Z1: Personal Email | AA1: Bank A/c No | AB1: Bank Name | AC1: Bank Branch | AD1: IFSC Code | AE1: Emergency Contact Person | AF1: Relarion with Employee | AG1: Emergency Contact No | AH1: Medical Card No | AI1: Blood Group | AJ1: Nominee | AK1: login ID | AL1: Role Id | AM1: Is Mobile Mark Attendace | AN1: Is Mobile get auto Attendace | AO1: Is Get mobile Log
A2: 10000 | B2: Jitendra Kushwaha | C2: Prmand Kushwaha | E2: 01/Jul/1992 | F2: 892, Datia Gate, Kotwali, Jhanshi, Uttar Pradesh 284001 | G2: Kanpur | H2: 7007568442 | I2: =VLOOKUP(A2,sep!A2:D1958,4,0) -> 30 | K2: M | L2: 01/Aug/2020 | M2: Manpower Field | N2: Airtel NMT | O2: Patroller | P2: Regular | R2: Y | V2: 101395422287 | W2: 3011975588 | X2: AOQPJ8659C | Y2: 837982877164 | Z2: kushwahajitendra159@gmail.com | AA2: '51110226491 | AD2: SBIN0031891 | AG2: 7905630223 | AL2: Employee | AM2: N | AN2: N | AO2: N
A3: 10001 | B3: Indra Pratap Singh | C3: Dharmpal Singh | E3: 01/Jan/1984 | F3: Raipur Gadhi, Sadhira Ajgain, Unnao, Uttarpardesh | G3: Kanpur | H3: 9792964257 | I3: =VLOOKUP(A3,sep!A3:D1959,4,0) -> 30 | K3: M | L3: 01/Aug/2020 | M3: Manpower Field | N3: Airtel NMT | O3: Patroller | P3: Regular | R3: Y | V3: 101395421906 | W3: 3011992876 | X3: LEIPS0208B | Y3: 931959493430 | Z3: mithunsingh1754@gmail.com | AA3: '17892413001035 | AD3: ORBC0101789 | AG3: 7018992976 | AL3: Employee | AM3: N | AN3: N | AO3: N
A4: 10002 | B4: Alok Kumar | C4: Rajkumar | E4: 15/Jun/1992 | F4: 24, Baripur, Kanpur Nagar, Uttar Pradesh 209206 | G4: Kanpur | H4: 8840902651 | I4: =VLOOKUP(A4,sep!A2:D1958,4,0) -> 30 | K4: M | L4: 01/Aug/2020 | M4: Manpower Field | N4: Airtel NMT | O4: Patroller | P4: Regular | R4: Y | V4: 101279372719 | W4: 3011992865 | X4: FORPK8755L | Y4: 351485151314 | Z4: aloksing988@gmail.com | AA4: '50048100000064 | AD4: BARB0UNNRAE | AG4: 9354789371 | AL4: Employee | AM4: N | AN4: N | AO4: N
A5: 10003 | B5: Dileep Kumar | C5: Mukharam Singh | E5: 01/Dec/1997 | F5: Ragoli, Rahiya, Jalaun, Uttar Pradesh 285001 | G5: Kanpur | H5: 8756549991 | I5: =VLOOKUP(A5,sep!A5:D1961,4,0) -> 30 | K5: M | L5: 01/Aug/2020 | M5: Manpower Field | N5: Airtel NMT | O5: Patroller | P5: Regular | R5: Y | V5: 101519867877 | W5: 6930665428 | X5: IQPPK4721K | Y5: 497921532441 | Z5: dileepkumarragauli@gmail.com | AA5: '50100285504952 | AD5: HDFC0000406 | AG5: 9129216367 | AL5: Employee | AM5: N | AN5: N | AO5: N
A6: 10004 | B6: Brijendra Singh | C6: Dharmpal Singh | E6: 01/Aug/1988 | F6: Ward Number 08, Om Nagar, Jhinjhak, Kanpur Dehat, Uttar Pradesh 209302 | G6: Kanpur | H6: 7897677595 | I6: =VLOOKUP(A6,sep!A6:D1962,4,0) -> 30 | K6: M | L6: 01/Aug/2020 | M6: Manpower Field | N6: Airtel NMT | O6: Patroller | P6: Regular | R6: Y | V6: 101372116048 | W6: 3011992795 | X6: FFHPS0541K | Y6: 245658088237 | Z6: N/A | AA6: '20390200844 | AD6: SBIN0006589 | AG6: 7275308082 | AL6: Employee | AM6: N | AN6: N | AO6: N
A7: 10005 | B7: Bharat Prasad | C7: Sundra Lal | E7: 24/Dec/1987 | F7: Sangauli, Jhansi, Patha, Uttar Pradesh 284302 | G7: Kanpur | H7: 8840863098 | I7: =VLOOKUP(A7,sep!A5:D1961,4,0) -> 30 | K7: M | L7: 01/Aug/2020 | M7: Manpower Field | N7: Airtel NMT | O7: Patroller | P7: Regular | R7: Y | V7: 101395413303 | W7: 3011992801 | X7: CRTPP4558A | Y7: 740156874153 | Z7: bp037186@gmail.com | AA7: '2223000400009745 | AD7: PUNB0222300 | AG7: 8173897889 | AL7: Employee | AM7: N | AN7: N | AO7: N
A8: 10006 | B8: Ganesh | C8: Sukram | E8: 01/Jan/1978 | F8: 128, Lalle Ki Toriya, Baruasagar, Phutera Baruwa Sagar, Jhansi, Uttar Pradesh 284201 | G8: Kanpur | H8: 8318466132 | I8: =VLOOKUP(A8,sep!A8:D1964,4,0) -> 30 | K8: M | L8: 01/Aug/2020 | M8: Manpower Field | N8: Airtel NMT | O8: Patroller | P8: Regular | R8: Y | V8: 101440706183 | W8: 3011992802 | X8: CPHPG2136M | Y8: 563578117790 | Z8: ganeshganeshg567@gmail.com | AA8: '1321000100167033 | AD8: PUNB0132100 | AG8: 9616518998 | AL8: Employee | AM8: N | AN8: N | AO8: N
A9: 10007 | B9: Digvijay Singh | C9: Chheda Lal | E9: 25/Apr/1992 | F9: E 27, Tehsil Hamirpur, Uttar Pradesh 210301 | G9: Kanpur | H9: 9621390808 | I9: =VLOOKUP(A9,sep!A7:D1963,4,0) -> 30 | K9: M | L9: 01/Aug/2020 | M9: Manpower Field | N9: Airtel NMT | O9: Patroller | P9: Regular | R9: Y | V9: 101395420208 | W9: 3011992872 | X9: CSHPS3724G | Y9: 421358133513 | Z9: digvijay.8989@gmail.com | AA9: '30807530132 | AD9: SBIN0000089 | AG9: 9532936921 | AL9: Employee | AM9: N | AN9: N | AO9: N
A10: 10008 | B10: Anoop Kumar | C10: Rajender Kumar | E10: 02/Jul/1996 | F10: 120, Bangla Paras, Ghatampur, Kanpur Nagar, Uttar Pradesh 209206 | G10: Kanpur | H10: 7881177664 | I10: =VLOOKUP(A10,sep!A2:D1958,4,0) -> 30 | K10: M | L10: 01/Aug/2020 | M10: Manpower Field | N10: Airtel NMT | O10: Patroller | P10: Regular | R10: Y | V10: 101453109807 | W10: 3011992869 | X10: DYTPK5152H | Y10: 529313624018 | Z10: anoopyadav77387@gmail.com | AA10: '34999789618 | AD10: SBIN0001057 | AG10: 7080142034 | AL10: Employee | AM10: N | AN10: N | AO10: N
A11: 10009 | B11: Jagdeesh Kumhar | C11: Khachore Kumhar | E11: 02/Apr/1984 | F11: Ward Number 12 Chadrapura Khas, Naguwan, Tikamgarh, Madhya Pradesh 472338 | G11: Kanpur | H11: 9770025694 | I11: =VLOOKUP(A11,sep!A11:D1967,4,0) -> 30 | K11: M | L11: 01/Aug/2020 | M11: Manpower Field | N11: Airtel NMT | O11: Patroller | P11: Regular | R11: Y | V11: 101601758063 | W11: 6930665500 | X11: JTJPK6448H | Y11: 558477543202 | Z11: jagadisakumhara301@gmail.com | AA11: '38938100039705 | AD11: BARB0TIKAMG | AG11: 6261215020 | AL11: Employee | AM11: N | AN11: N | AO11: N
A12: 10010 | B12: Kailash Kushwaha | C12: Bhagvan Das Kushwaha | E12: 13/Dec/1993 | F12: Ward Number 36, Jhansi Road Ramnagar,Datia, Mp 475661 | G12: Kanpur | H12: 7869357589 | I12: =VLOOKUP(A12,sep!A12:D1968,4,0) -> 30 | K12: M | L12: 01/Aug/2020 | M12: Manpower Field | N12: Airtel NMT | O12: Patroller | P12: Regular | R12: Y | V12: 101395428433 | W12: 3011992822 | X12: GNQPK9235J | Y12: 248462106261 | Z12: kailashkushwaha173@gmail.com | AA12: '50265191852 | AD12: ALLA0213299 | AG12: 7898756171 | AL12: Employee | AM12: N | AN12: N | AO12: N
A13: 10011 | B13: Satyam Kumar | C13: Shashi Bhushan Prasad Singh | E13: 22/Nov/1982 | F13: Village Post Office Manjhaul, Begusarai, Bihar 851127 | G13: Kanpur | H13: 9076987980 | I13: =VLOOKUP(A13,sep!A13:D1969,4,0) -> 30 | K13: M | L13: 01/Aug/2020 | M13: Manpower Field | N13: Airtel NMT | O13: Patroller | P13: Regular | R13: Y | V13: 101397716141 | W13: 3011992874 | X13: DWXPK7085P | Y13: 557401958734 | Z13: satyamhmr@gmail.com | AA13: '31435089826 | AD13: SBIN0000089 | AG13: 8423936683 | AL13: Employee | AM13: N | AN13: N | AO13: N
A14: 10012 | B14: Manoj | C14: Rakesh Nayak | E14: 18/Jul/1989 | F14: 165, Gram Sangoli, Jhansi, Uttar Pradesh 284302 | G14: Kanpur | H14: 9621881805 | I14: =VLOOKUP(A14,sep!A14:D1970,4,0) -> 30 | K14: M | L14: 01/Aug/2020 | M14: Manpower Field | N14: Airtel NMT | O14: Patroller | P14: Regular | R14: Y | V14: 101440719772 | W14: 3011992804 | X14: ASFPN8636E | Y14: 232350233365 | Z14: nayak.manoj057@gmail.com | AA14: '32738262698 | AD14: SBIN0000102 | AG14: 7460981942 | AL14: Employee | AM14: N | AN14: N | AO14: N
A15: 10013 | B15: Anil Singh | C15: Rajendra Singh | E15: 17/May/1977 | F15: Village & Post Office Nasada, Nasara, Kanpur Nagar, Uttar Pradesh 209401 | G15: Kanpur | H15: 9935030139 | I15: =VLOOKUP(A15,sep!A2:D1958,4,0) -> 30 | K15: M | L15: 01/Aug/2020 | M15: Manpower Field | N15: Airtel NMT | O15: Patroller | P15: Regular | R15: Y | V15: 101594069566 | W15: 6930665549 | X15: MGCPS5525G | Y15: 745896054804 | Z15: as7778774@gmail.com | AA15: '1890000100066511 | AD15: PUNB0189000 | AG15: 9621254600 | AL15: Employee | AM15: N | AN15: N | AO15: N
A16: 10014 | B16: Ranjdeep Singh Bundela | C16: Manohar Singh Bundela | E16: 01/Jan/1991 | F16: Chhipai, Pipra Raipur, Lalitpur, Talbehat Uttar Pradesh 284124 | G16: Kanpur | H16: 9452212121 | I16: =VLOOKUP(A16,sep!A16:D1972,4,0) -> 30 | K16: M | L16: 01/Aug/2020 | M16: Manpower Field | N16: Airtel NMT | O16: Patroller | P16: Regular | R16: Y | V16: 101440721537 | W16: 3011992809 | X16: CPVPB4800D | Y16: 491472074486 | Z16: rajdeepraja2020@gmail.com | AA16: '7739001700003858 | AD16: PUNB0773900 | AG16: 7007593070 | AL16: Employee | AM16: N | AN16: N | AO16: N
A17: 10015 | B17: Gyan Singh | C17: Shree Babu | E17: 04/Jul/1995 | F17: Baraur, Kanpur, Dehat, Bhognipur, Uttar Pradesh 209312 | G17: Kanpur | H17: 9598641435 | I17: =VLOOKUP(A17,sep!A9:D1965,4,0) -> 30 | K17: M | L17: 01/Aug/2020 | M17: Manpower Field | N17: Airtel NMT | O17: Patroller | P17: Regular | R17: Y | V17: 101363344216 | W17: 6930672414 | X17: IKQPS2580P | Y17: 432961873616 | Z17: gyansinghsharma39482@gmail.com | AA17: '38146903969 | AD17: SBIN0001093 | AG17: 8934814123 | AL17: Employee | AM17: N | AN17: N | AO17: N
A18: 10016 | B18: Pinku | C18: Dinesh | E18: 09/Sep/1989 | F18: 9, Dirgaj Khera, Ajgain, Unnao, Uttar Pradesh 209801 | G18: Kanpur | H18: 9260999901 | I18: =VLOOKUP(A18,sep!A18:D1974,4,0) -> 30 | K18: M | L18: 01/Aug/2020 | M18: Manpower Field | N18: Airtel NMT | O18: Patroller | P18: Regular | R18: Y | V18: 101440721954 | W18: 3011996921 | X18: Nill | Y18: 825750016477 | Z18: pinkuyadav9989@gmail.com | AA18: '133400101003862 | AD18: CORP0001334 | AG18: 9794732351 | AL18: Employee | AM18: N | AN18: N | AO18: N
A19: 10017 | B19: Dinesh Pal | C19: Dhaniram | E19: 16/Apr/1986 | F19: Nagra, Post Office Bhevli, Sarsaul, Kanpur Nagar, Uttar Pradesh 209402 | G19: Kanpur | H19: 9794217635 | I19: =VLOOKUP(A19,sep!A6:D1962,4,0) -> 30 | K19: M | L19: 01/Aug/2020 | M19: Manpower Field | N19: Airtel NMT | O19: Patroller | P19: Regular | R19: Y | V19: 101088721474 | W19: 6930665700 | X19: CKRPP0166M | Y19: 941295867317 | Z19: dinesh4536ad@gmail.com | AA19: '30725586236 | AD19: SBIN0011817 | AG19: 9918244018 | AL19: Employee | AM19: N | AN19: N | AO19: N
A20: 10018 | B20: Prashant Pal | C20: Siyaram Pal | E20: 01/Jan/1990 | F20: 165, Bhadwara Aashik, Bhadwara, Kanpur Nagar, Ghatampur Uttar Pradesh 209206 | G20: Kanpur | H20: 7355740674 | I20: =VLOOKUP(A20,sep!A18:D1974,4,0) -> 30 | K20: M | L20: 01/Aug/2020 | M20: Manpower Field | N20: Airtel NMT | O20: Patroller | P20: Regular | R20: Y | V20: 101279372726 | W20: 3011992862 | X20: CDGPP0969L | Y20: 379351351632 | Z20: prashantpa970@gmail.com | AA20: '32685559530 | AD20: SBIN0001874 | AG20: 9519675425 | AL20: Employee | AM20: N | AN20: N | AO20: N
A21: 10019 | B21: Rajesh Pal | C21: Shiv Raj | E21: 20/Aug/1991 | F21: Daulatpur Narvai, Post Office Saad, Ghatampur, Kanpur, Nagpur, Uttar Pradesh 209206 | G21: Kanpur | H21: 8795959124 | I21: =VLOOKUP(A21,sep!A19:D1975,4,0) -> 30 | K21: M | L21: 01/Aug/2020 | M21: Manpower Field | N21: Airtel NMT | O21: Patroller | P21: Regular | R21: Y | V21: 101279372735 | W21: 3011992860 | X21: CLPPP0374N | Y21: 374283438039 | Z21: pal3728492gmail.com | AA21: '33181473033 | AD21: SBIN0012321 | AG21: 7355388772 | AL21: Employee | AM21: N | AN21: N | AO21: N
A22: 10020 | B22: Ravindra Kumar Vishwakarma | C22: Baldev Vishwakarma | E22: 01/Apr/1974 | F22: House Number 917, Gram Khadi Gporihar, Dhadari, Chhatarpur, Madhya Pradesh 471001 | G22: Kanpur | H22: 9993614151 | I22: =VLOOKUP(A22,sep!A22:D1978,4,0) -> 30 | K22: M | L22: 01/Aug/2020 | M22: Manpower Field | N22: Airtel NMT | O22: Patroller | P22: Regular | R22: Y | V22: 101521508586 | W22: 3011992832 | X22: ARZPV3360J | Y22: 652222858063 | Z22: ravindrvishwakarma555@gmail.com | AA22: '31447394610 | AD22: SBIN0002873 | AG22: 8085568606 | AL22: Employee | AM22: N | AN22: N | AO22: N
A23: 10022 | B23: Shailendra Kumar Yadav | C23: Ramswaroop Yadav | E23: 11/Jul/1986 | F23: Magrasa, Ramaipur, Kanpur Nagar, Uttar Pradesh 209214 | G23: Kanpur | H23: 8853779058 | I23: =VLOOKUP(A23,sep!A23:D1979,4,0) -> 30 | K23: M | L23: 01/Aug/2020 | M23: Manpower Field | N23: Airtel NMT | O23: Patroller | P23: Regular | R23: Y | V23: 101395439567 | W23: 3011992867 | X23: APMPY7624K | Y23: 887288071923 | Z23: shailendrakanpur123@gmail.com | AA23: '36285477196 | AD23: SBIN0016994 | AG23: 6389615187 | AL23: Employee | AM23: N | AN23: N | AO23: N
A24: 10023 | B24: Kailash Singh | C24: Shambhu Dyal Yadav | E24: 20/Jul/1989 | F24: Village Chhani Bujurg, District Hamidpur, Uttar Pradesh 210501 | G24: Kanpur | H24: 7905954491 | I24: =VLOOKUP(A24,sep!A16:D1972,4,0) -> 30 | K24: M | L24: 01/Aug/2020 | M24: Manpower Field | N24: Airtel NMT | O24: Patroller | P24: Regular | R24: Y | V24: 100185505854 | W24: 3011992812 | X24: EFMPS2594C | Y24: 467903613680 | Z24: ks8021883@gmail.com | AA24: '32394344296 | AD24: SBIN0009691 | AG24: 9670768760 | AL24: Employee | AM24: N | AN24: N | AO24: N
A25: 10084 | B25: Hitesh | C25: Katar Singh | E25: 15/Jun/1995 | F25: Rampur, Muzaffarnagar, Uttar Pradesh 251001 | G25: Meerut | H25: 8077954034 | I25: =VLOOKUP(A25,sep!A48:D1981,4,0) -> 30 | K25: M | L25: 01/Aug/2020 | M25: Manpower Field | N25: Airtel NMT | O25: Patroller | P25: Regular | R25: Y | V25: 100471002888 | W25: 3012215469 | X25: APAPH3511G | Y25: 551199442781 | Z25: nk786690@gmail.com | AA25: '2289877589 | AD25: CBIN0282202 | AG25: 9627345944 | AL25: Employee | AM25: N | AN25: N | AO25: N
A26: 10085 | B26: Munidev | C26: Ramesh | E26: 20/Sep/1988 | F26: Village Khyalipur, Gajraula, Amroha, Uttar Pradesh 244235 | G26: Meerut | H26: 8171891916 | I26: =VLOOKUP(A26,sep!A49:D1982,4,0) -> 30 | K26: M | L26: 01/Aug/2020 | M26: Manpower Field | N26: Airtel NMT | O26: Patroller | P26: Regular | R26: Y | V26: 101219704095 | W26: 3012215519 | X26: DLJPM0430H | Y26: 801769308916 | Z26: devmuni81@gmail.com | AA26: '1775000100235399 | AD26: PUNB0177500 | AG26: 8218586919 | AL26: Employee | AM26: N | AN26: N | AO26: N
A27: 10086 | B27: Guddu Singh | C27: Hari Singh | E27: 05/Jan/1985 | F27: Near Parivartan School, Pital Nagari Suraj Nagar, Moradabad, Uttar Pradesh 244001 | G27: Meerut | H27: 8171651193 | I27: =VLOOKUP(A27,sep!A50:D1983,4,0) -> 30 | K27: M | L27: 01/Aug/2020 | M27: Manpower Field | N27: Airtel NMT | O27: Patroller | P27: Regular | R27: Y | V27: 100997187987 | W27: 3012215366 | X27: ELMPS8370A | Y27: 620277156654 | Z27: guddusingh847415@gmail.com | AA27: '780410110001333 | AD27: BKID0007804 | AG27: 9927221106 | AL27: Employee | AM27: N | AN27: N | AO27: N
A28: 10088 | B28: Omveer (Avneesh) | C28: Natthu Singh | E28: 01/Jan/1982 | F28: Kakrali, Dado, Aligarh, Uttar Pradesh 202133 | G28: Meerut | H28: 8126029642 | I28: =VLOOKUP(A28,sep!A51:D1984,4,0) -> 30 | K28: M | L28: 01/Aug/2020 | M28: Manpower Field | N28: Airtel NMT | O28: Patroller | P28: Regular | R28: Y | V28: 101422460833 | W28: 3012215465 | X28: ADEPO3525D | Y28: 828929341852 | Z28: avinishkumar8048@gmail.com | AA28: '35641300325 | AD28: SBIN0018577 | AG28: 9758538226 | AL28: Employee | AM28: N | AN28: N | AO28: N
A29: 10089 | B29: Manoj Kumar | C29: Shripal Singh | E29: 03/Jun/1990 | F29: Khera, Meerat, Uttar Pradesh 250342 | G29: Meerut | H29: 9557961805 | I29: =VLOOKUP(A29,sep!A52:D1985,4,0) -> 30 | K29: M | L29: 01/Aug/2020 | M29: Manpower Field | N29: Airtel NMT | O29: Patroller | P29: Regular | R29: Y | V29: 101340708288 | W29: 3012215478 | X29: ESNPK6681J | Y29: 316229444667 | Z29: manojsolukhera@gmail.com | AA29: '32890782824 | AD29: SBIN0000713 | AG29: 8077615840 | AL29: Employee | AM29: N | AN29: N | AO29: N
A30: 10090 | B30: Daulat Singh | C30: Amar Singh | E30: 20/Jun/1970 | F30: M.D.A Colony, Gajraula, Dhanaura Amroha, District Gajraula, State Uttar Pradesh 244235 | G30: Meerut | H30: 9760946683 | I30: =VLOOKUP(A30,sep!A53:D1986,4,0) -> 30 | K30: M | L30: 01/Aug/2020 | M30: Manpower Field | N30: Airtel NMT | O30: Patroller | P30: Regular | R30: Y | V30: 101181524592 | W30: 3012093343 | X30: AVPPD9338J | Y30: 614313004045 | Z30: daulatsingh40842@gmail.com | AA30: '31232066343 | AD30: SBIN0007691 | AG30: 9997238501 | AL30: Employee | AM30: N | AN30: N | AO30: N
A31: 10091 | B31: Prem Pal Singh | C31: Gulaveer Singh | E31: 10/Nov/1985 | F31: Hajaratpur Poothari, Post Office Agaura Amirpur, Bulandshahr, Hameerpur, Uttar Pradesh 203131 | G31: Meerut | H31: 9411859730 | I31: =VLOOKUP(A31,sep!A54:D1987,4,0) -> 30 | K31: M | L31: 01/Aug/2020 | M31: Manpower Field | N31: Airtel NMT | O31: Patroller | P31: Regular | R31: Y | V31: 100280893818 | W31: 3012215397 | X31: CBIPS4407A | Y31: 770282026623 | Z31: guddubsnlkrj@gmail.com | AA31: '21715813588 | AD31: ALLA0211967 | AG31: 8923363922 | AL31: Employee | AM31: N | AN31: N | AO31: N
A32: 10092 | B32: Raghav Sagar (Rinku) | C32: Suresh Sagar | E32: 07/Jul/1988 | F32: 169, Dasva Ghat Near Nagfani Thana, Moradabad, Thakurwada, Uttarpradesh 244001 | G32: Meerut | H32: 8077363612 | I32: =VLOOKUP(A32,sep!A55:D1988,4,0) -> 30 | K32: M | L32: 01/Aug/2020 | M32: Manpower Field | N32: Airtel NMT | O32: Patroller | P32: Regular | R32: Y | V32: 100530813157 | W32: 3012092000 | X32: CKHPS4791P | Y32: 512344282719 | Z32: sagarrinku63@gmail.com | AA32: '6212064588 | AD32: KKBK0005300 | AG32: 9012615365 | AL32: Employee | AM32: N | AN32: N | AO32: N
A33: 10093 | B33: Kailash Kumar | C33: Ganga Saran | E33: 01/Jan/1992 | F33: Ward Number 8, Avanti Nagar, Bhoor, Bulandshahr, Uttar Pradesh 203001 | G33: Meerut | H33: 7455805676 | I33: =VLOOKUP(A33,sep!A56:D1989,4,0) -> 30 | K33: M | L33: 01/Aug/2020 | M33: Manpower Field | N33: Airtel NMT | O33: Patroller | P33: Regular | R33: Y | V33: 101340763619 | W33: 3012215510 | X33: ETCPK5940Q | Y33: 503802452342 | Z33: kailash9234kumar@gmail.com | AA33: '3357001700162319 | AD33: PUNB0335700 | AG33: 7830752564 | AL33: Employee | AM33: N | AN33: N | AO33: N
A34: 10094 | B34: Buland Kumar | C34: Prakash Chand | E34: 01/Jan/1982 | F34: Village & Post Office Sakoti Tanda, Jasrathpur, Meerat, Sardhana, Uttar Pradesh 250342 | G34: Meerut | H34: 8273493434 | I34: =VLOOKUP(A34,sep!A57:D1990,4,0) -> 30 | K34: M | L34: 01/Aug/2020 | M34: Manpower Field | N34: Airtel NMT | O34: Patroller | P34: Regular | R34: Y | V34: 100118036413 | W34: 3012215457 | X34: HCAPK6174A | Y34: 293898083404 | Z34: Bukandsing6815@gimall.com | AA34: '31920006879 | AD34: SBIN0002469 | AG34: 7037779271 | AL34: Employee | AM34: N | AN34: N | AO34: N
A35: 10095 | B35: Manveer Singh Yadav | C35: Gajendra Singh Yadav | E35: 01/Jan/1988 | F35: 44, Agapur, Rampur City, Rampur, Uttar Pradesh 244901 | G35: Meerut | H35: 7895748300 | I35: =VLOOKUP(A35,sep!A58:D1991,4,0) -> 30 | K35: M | L35: 01/Aug/2020 | M35: Manpower Field | N35: Airtel NMT | O35: Patroller | P35: Regular | R35: Y | V35: 101340708261 | W35: 3012215443 | X35: AVXPY0710F | Y35: 746420647754 | Z35: Yadavmanveersingh90@gmail.com | AA35: '33685448867 | AD35: SBIN0014898 | AG35: 9536068334 | AL35: Employee | AM35: N | AN35: N | AO35: N
A36: 10096 | B36: Chandravir | C36: Rajinder Singh | E36: 01/Jan/1976 | F36: Khera, Khas Sarthal, Sambhal, Chandausi, State Uttar Pradesh 202414 | G36: Meerut | H36: 9634694075 | I36: =VLOOKUP(A36,sep!A59:D1992,4,0) -> 30 | K36: M | L36: 01/Aug/2020 | M36: Manpower Field | N36: Airtel NMT | O36: Patroller | P36: Regular | R36: Y | V36: 101342442682 | W36: 3012215453 | X36: BFRPC6184A | Y36: 237736905325 | Z36: chandraveersingh65123@gmail.com | AA36: '0094000102024127 | AD36: PUNB0009400 | AG36: 9759609498 | AL36: Employee | AM36: N | AN36: N | AO36: N
... A79: 10255 | B79: Shushil Tiwari | C79: Rajjain Tiwari | E79: 03/Apr/2000 | F79: Village Himmatpur Post Shingpur Tehsil,Chandla,District,Chatarpur,M.P 471525 | G79: CHHATARPUR | H79: 6261915661 | I79: =VLOOKUP(A79,sep!A102:D2035,4,0) -> 30 | K79: M | L79: 01/Aug/2020 | M79: Manpower Field | N79: Airtel NMT | O79: Patroller | P79: Regular | R79: Y | V79: 101603146878 | W79: 6930669789 | X79: BVOPT1382E | Y79: 217416568430 | Z79: st703730@gmail.com | AA79: '39191928848 | AD79: SBIN0002839 | AG79: 7828428914 | AL79: Employee | AM79: N | AN79: N | AO79: N
A80: 10274 | B80: D.Raj Kiran | C80: Sh.D.Balakrishna | E80: 07/Jun/1984 | F80: House Number 4-23, Plot Number 19, Kranthi Colony, Medipally Uppal Depot, Ghatkesar Mandal, Andhra Pradesh | G80: MOHALI | H80: 9160029966 | I80: =VLOOKUP(A80,sep!A103:D2036,4,0) -> 30 | J80: rajkiran@horizontelecom.in | K80: M | L80: 24/Aug/2020 | M80: Manpower Field | N80: Human Resource | O80: Supervisor | R80: Y | S80: N | T80: 4036 | U80: Ram Pal | X80: AKQPD2857C | Y80: 762043098512 | Z80: rajkiran@horizontelecom.in | AA80: '00000020097622816 | AD80: SBIN0021927 | AG80: 9000134076 | AK80: rajkiran@horizontelecom.in | AL80: Employee | AM80: Y | AN80: N | AO80: N
A81: 10275 | B81: Udayveer | C81: Jandel Singh | E81: 01/Jan/1983 | F81: Village Lakhotikala,Post Office,Lakhotikala District Gwalior M.P475001 | G81: GWALIOR | H81: 9754045865 | I81: =VLOOKUP(A81,sep!A104:D2037,4,0) -> 30 | K81: M | L81: 01/Aug/2020 | M81: Manpower Field | N81: Airtel NMT | O81: Patroller | P81: Regular | R81: Y | V81: 101603147133 | W81: 6930669793 | X81: AFCPU4578C | Y81: 257125882215 | Z81: Gurjarudayveer06@gmail.com | AA81: '2964000105129755 | AD81: PUNB0296400 | AG81: Nil | AL81: Employee | AM81: N | AN81: N | AO81: N
A82: 10277 | B82: Sushil Gupta | C82: Jugul Kishor Gupta | E82: 11/Aug/1998 | F82: Ward No.08,Daldal,Kapildhara Road Bijuri,District Shahdol.M.P 484440 | G82: CHHATARPUR | H82: 9399723854 | I82: =VLOOKUP(A82,sep!A105:D2038,4,0) -> 30 | K82: M | L82: 01/Aug/2020 | M82: Manpower Field | N82: Airtel NMT | O82: Patroller | P82: Regular | R82: Y | V82: 101603147179 | W82: 6930669796 | X82: CENPG0117B | Y82: 359872340182 | Z82: sushilguptagupta35@gmail.com | AA82: '30725239623 | AD82: SBIN0006072 | AG82: 8516022388 | AL82: Employee | AM82: N | AN82: N | AO82: N
A83: 10278 | B83: Rahul Kumar Sen | C83: Mohan Kumar | E83: 12/Aug/1983 | F83: Village Bhusu Post Khajuha Kala, District Rewa,M.P 486553 | G83: CHHATARPUR | H83: 7898071823 | I83: =VLOOKUP(A83,sep!A106:D2039,4,0) -> 30 | K83: M | L83: 01/Aug/2020 | M83: Manpower Field | N83: Airtel NMT | O83: Patroller | P83: Regular | R83: Y | V83: 101612508881 | W83: 6930667039 | X83: DPRPS7677E | Y83: 628068393494 | Z83: rahul222110@gmail.com | AA83: '8080347019 | AD83: SBIN0RRMBGB | AG83: 7955440078 | AL83: Employee | AM83: N | AN83: N | AO83: N
A84: 10295 | B84: Nepal Singh | C84: Fauran Singh | E84: 12/May/1985 | F84: Pawan Dham Mod, Near Kehrai Mod, Shamshabad Road, District, Agra, State Uttar Pradesh 282001 | G84: AGRA | H84: 9719413322 | I84: =VLOOKUP(A84,sep!A107:D2040,4,0) -> 30 | K84: M | L84: 01/Aug/2020 | M84: Manpower Field | N84: Airtel NMT | O84: Patroller | P84: Regular | R84: Y | V84: 101416508874 | W84: 6930666313 | X84: EXYPS5146C | Y84: 384889770395 | Z84: nepal.singh111985@gmail.com | AA84: '50295635395 | AD84: ALLA0212539 | AG84: 9719413322 | AL84: Employee | AM84: N | AN84: N | AO84: N
A85: 10296 | B85: Ram Babu | C85: Ved Prakash | E85: 01/Jun/1971 | F85: 51/10K/319A/1 Shindhi Colony West Arjun Nagar Distric,Agra State,U.P-282002 | G85: AGRA | H85: 8126605264 | I85: =VLOOKUP(A85,sep!A108:D2041,4,0) -> 30 | K85: M | L85: 01/Aug/2020 | M85: Manpower Field | N85: Airtel NMT | O85: Patroller | P85: Regular | R85: Y | V85: 101416508888 | W85: 6930666336 | X85: BLHPR8395E | Y85: 295806282358 | Z85: 9639283168sr@gmail.com | AA85: '50170000478514 | AD85: BDBL0001743 | AG85: 9639283168 | AL85: Employee | AM85: N | AN85: N | AO85: N
A86: 10299 | B86: Sanjay Kumar | C86: Bhavan Singh | E86: 01/Jul/1995 | F86: House Number 150, Bijopura, District Muzaffarnagar, State Uttar Pradesh 251307 | G86: Meerut | H86: 7409011562 | I86: =VLOOKUP(A86,sep!A109:D2042,4,0) -> 30 | K86: M | L86: 01/Aug/2020 | M86: Manpower Field | N86: Airtel NMT | O86: Patroller | P86: Regular | R86: Y | V86: 101605391127 | W86: 6930666547 | X86: BJKPK4420Q | Y86: 955441516610 | Z86: sanjaygujjar2020sk@gmail.com | AA86: '32551711816 | AD86: SBIN0015460 | AG86: 7895959583 | AL86: Employee | AM86: N | AN86: N | AO86: N
A87: 10302 | B87: Mohit Pal | C87: Sundar Pal | E87: 01/Jan/2000 | F87: House Number 47, Akbargadh, District Muzaffarnagar, State Uttar Pradesh 247772 | G87: Meerut | H87: 7668704076 | I87: =VLOOKUP(A87,sep!A110:D2043,4,0) -> 30 | K87: M | L87: 01/Aug/2020 | M87: Manpower Field | N87: Airtel NMT | O87: Patroller | P87: Regular | R87: Y | V87: 101568700209 | W87: 6930666561 | X87: Nill | Y87: 710885594868 | Z87: Mohit.ofc@gmail.com | AA87: '4856001700104996 | AD87: PUNB0485600 | AG87: 7455957486 | AL87: Employee | AM87: N | AN87: N | AO87: N
A88: 10305 | B88: Rathva Himansubhai | C88: Rathva Rameshbhai | E88: 09/May/2000 | F88: Navi Vasahat, Dugarvant, Vododara, Jetpur Pavi, Gujarat 391160 | G88: Surat | H88: 7201981644 | I88: =VLOOKUP(A88,sep!A111:D2044,4,0) -> 30 | K88: M | L88: 25/Aug/2020 | M88: Manpower Field | N88: Airtel NMT | O88: Patroller | P88: Regular | R88: Y | V88: 101633317922 | W88: 6930664516 | X88: Nill | Y88: 690453232640 | Z88: Rathvahimanshu89@gmail.com | AA88: '16770100013977 | AD88: BARB0ALIBAR | AG88: 9714099479 | AL88: Employee | AM88: N | AN88: N | AO88: N
A89: 10320 | B89: Praveen Yadav | C89: Sukhveer Singh Yadav | E89: 06/Jul/1998 | F89: Kashyap Puri,Behind Prakash Cold Tedi Bagiya Kuberpur Yamuna Bridge Etmadpur Distric,Agra State,U.P-2822006 | G89: AGRA | H89: 9897298029 | I89: =VLOOKUP(A89,sep!A112:D2045,4,0) -> 30 | K89: M | L89: 01/Aug/2020 | M89: Manpower Field | N89: Airtel NMT | O89: Patroller | P89: Regular | R89: Y | V89: 101605391947 | W89: 6930666571 | X89: BAEPY3977R | Y89: 908227364141 | Z89: py23411@gmail.com | AA89: '3649108007312 | AD89: CNRB0003649 | AG89: 9675549737 | AL89: Employee | AM89: N | AN89: N | AO89: N
A90: 10322 | B90: Arvind | C90: Badam Singh | E90: 02/Apr/2000 | F90: Kesarpur, Near Karemganj, District Rampur, State Uttar Pradesh 244922 | G90: Meerut | H90: 9870749385 | I90: =VLOOKUP(A90,sep!A113:D2046,4,0) -> 30 | K90: M | L90: 01/Aug/2020 | M90: Manpower Field | N90: Airtel NMT | O90: Patroller | P90: Regular | R90: Y | V90: 101320639613 | W90: 6930666588 | X90: Nill | Y90: 787833348421 | Z90: arvindyadavkesarpur@gmail.com | AA90: '08618100006046 | AD90: BARB0SAHABA | AG90: 8755734331 | AL90: Employee | AM90: N | AN90: N | AO90: N
A91: 10323 | B91: Kunal Goyal | C91: Mukesh Kumar Goyal | E91: 05/Sep/1997 | F91: House Number 29, Eta Rori, District Bulandshar, State Uttar Pradesh 203001 | G91: Meerut | H91: 8859730344 | I91: =VLOOKUP(A91,sep!A114:D2047,4,0) -> 30 | K91: M | L91: 01/Aug/2020 | M91: Manpower Field | N91: Airtel NMT | O91: Patroller | P91: Regular | R91: Y | V91: 101605391934 | W91: 6930666615 | X91: DDAPG8151E | Y91: 886686171071 | Z91: kg507333@gmail.com | AA91: '2154108051111 | AD91: CNRB0002154 | AG91: 8929643090 | AL91: Employee | AM91: N | AN91: N | AO91: N
A92: 10325 | B92: Sachin | C92: Sukhvir | E92: 23/Aug/1988 | F92: House Number 110, Khanpur, District Meerut State Uttar Pradesh 250501 | G92: Meerut | H92: 9639882816 | I92: =VLOOKUP(A92,sep!A115:D2048,4,0) -> 30 | K92: M | L92: 01/Aug/2020 | M92: Manpower Field | N92: Airtel NMT | O92: Patroller | P92: Regular | R92: Y | V92: 101416508857 | W92: 6930666632 | X92: IROPS8132J | Y92: 683117804567 | Z92: sachinchikara37@gmail.com | AA92: '87872200082501 | AD92: SYNB0008787 | AG92: 9410816598 | AL92: Employee | AM92: N | AN92: N | AO92: N
A93: 10326 | B93: Raj Kumar | C93: Kirapa Ram | E93: 15/Jan/1978 | F93: Rasulghar, District Aurangabad, Meerut, State Uttar Pradesh 280001 | G93: Meerut | H93: 8630390863 | I93: =VLOOKUP(A93,sep!A116:D2049,4,0) -> 30 | K93: M | L93: 01/Aug/2020 | M93: Manpower Field | N93: Airtel NMT | O93: Patroller | P93: Regular | R93: Y | V93: 101416508916 | W93: 6930666653 | X93: DPOPR0010D | Y93: 865270666173 | Z93: kumarraj81779@gmail.com | AA93: '32012083646 | AD93: SBIN0006329 | AG93: 9897103869 | AL93: Employee | AM93: N | AN93: N | AO93: N
A94: 10328 | B94: Jaspreet Kaur | C94: Sh.Sukhwinder Pal Singh | E94: 13/May/1983 | F94: #1016, Sector 71, S.A.S Nagar Mohali, Punjab | G94: MOHALI | H94: 8427869259 | I94: =VLOOKUP(A94,sep!A117:D2050,4,0) -> 16 | J94: Jaspreet.kaur@horizontelecom.in | K94: F | L94: 15/Sep/2020 | M94: Marketing | N94: SALES | O94: International Brand & Marketing Head | Q94: Grade-6 | R94: Y | S94: N | T94: 3333 | U94: Aditya Kaushik | X94: BGKPK5621A | Y94: 233582015180 | Z94: drjaspreet1313@gmail.com | AE94: Sh.Sukhwinder Pal Singh | AF94: Father | AG94: 9877137846 | AK94: Jaspreet.kaur@horizontelecom.in | AL94: Manager | AM94: Y | AN94: Y | AO94: N
A95: 10329 | B95: Arvind Kumar Sharma | C95: Sh.Krishan Kumar Sharma | E95: 07/Jul/1968 | F95: #3380 Sector 70 Mohali, District SAS Nagar, State Punjab | G95: MOHALI | H95: 9915111311 | I95: =VLOOKUP(A95,sep!A118:D2051,4,0) -> 13 | J95: arvind.sharma@horizontelecom.in | K95: M | L95: 18/Sep/2020 | M95: Office Mohali | N95: SALES | O95: Senior General Manager -Sales and Marketing | Q95: Grade-5 | R95: Y | S95: Y | T95: 3333 | U95: Aditya Kaushik | X95: AGXPS5182J | Y95: 967223022673 | Z95: arvind3380@rediffmail.com | AG95: 8699818227 | AK95: arvind.sharma@horizontelecom.in | AL95: Manager | AM95: Y | AN95: Y | AO95: N
A96: 10335 | B96: Pradeep Kushwaha | C96: Kamlesh Prasad | E96: 18/Dec/2000 | F96: Ward No,10 Village Khoha,Post Office Choukhandi Tah Java,District,Rewa M.P 486447 | G96: CHHATARPUR | H96: 8819965092 | I96: =VLOOKUP(A96,sep!A119:D2052,4,0) -> 14 | K96: M | L96: 01/Sep/2020 | M96: Manpower Field | N96: Airtel NMT | O96: Patroller | P96: Regular | R96: Y | V96: 101612978475 | W96: 6930669128 | X96: Nill | Y96: 375799786976 | Z96: N/A | AA96: '648202120002017 | AD96: UBIN0564826 | AG96: 8085303821 | AL96: Employee | AM96: N | AN96: N | AO96: N
A97: 10337 | B97: Krishna Kumar Sen | C97: Bhagwan Das Sen | E97: 10/Nov/1981 | F97: Krishna Nagar, Makroniya Sagar, Makroniya Muhal Sagar, District Sagar, Madhya Pradesh 470004 | G97: CHHATARPUR | H97: 9752289797 | I97: =VLOOKUP(A97,sep!A2:D1958,4,0) -> #N/A | K97: M | L97: 01/Oct/2020 | M97: Manpower Field | N97: Airtel NMT | O97: Patroller | P97: Regular | R97: Y | V97: 101638353444 | W97: 6930676036 | X97: Nill | Y97: 454024077394 | Z97: Krishnasen32@gmail.com | AA97: '942810110001145 | AD97: BKID0009428 | AG97: 9039464712 | AL97: Employee | AM97: N | AN97: N | AO97: N
A98: 10338 | B98: Kamaleshbhai Jashavantbhai Sonvadiya | C98: Jashavantbhai Jethabhai Sonavadiya | E98: 14/May/1994 | F98: Jalaram Faliyu, Devadh, Choryasi, Dakhkhanvada, District Surat, State Gujarat 394210 | G98: Surat | H98: 9512803852 | I98: =VLOOKUP(A98,sep!A3:D1959,4,0) -> #N/A | K98: M | L98: 04/Oct/2020 | M98: Manpower Field | N98: Airtel NMT | O98: Patroller | P98: Regular | R98: Y | V98: 101638353437 | W98: 6930676032 | X98: LAJPS9633M | Y98: 807699176813 | Z98: Sonvadiyakilu@gmail.com | AA98: '172510032891 | AD98: BKDN0231725 | AG98: 9638265934 | AL98: Employee | AM98: N | AN98: N | AO98: N
A99: 10339 | B99: Virender Kumar | C99: Sh.Julfi Ram | E99: 01/Mar/1900 | F99: Village Deyog, Post Office Badoh, Tehsil Bhoranj, District Himarpur, State Himachal Pradesh | G99: HAMIRPUR | H99: 9914614885 | I99: =VLOOKUP(A99,sep!A4:D1960,4,0) -> #N/A | J99: virender.kumar@horizontelecom.in | K99: M | L99: 16/Oct/2020 | M99: Office Mohali | N99: SALES | O99: Assistant Manger-Sales & Marketing | Q99: Grade-4 | R99: Y | S99: Y | T99: 10355 | U99: Satender Singh | X99: CLDPK6133Q | Y99: 265832476884 | Z99: virenderku27386@gmail.com | AG99: 8437862416 | AK99: virender.kumar@horizontelecom.in | AL99: Employee | AM99: Y | AN99: Y | AO99: Y
A100: 10340 | B100: Karan Singh | C100: Sh.Netar Pal | E100: 27/Sep/1990 | F100: Kherian, Tehsil Nurpur, Batnial (171), District Kangra, State Himachal Pradesh | G100: KANGRA | H100: 9653276196 | I100: =VLOOKUP(A100,sep!A5:D1961,4,0) -> #N/A | J100: karan.singh@horizontelecom.in | K100: M | L100: 16/Oct/2020 | M100: Office Mohali | N100: SALES | O100: Assistant Manger-Sales & Marketing | Q100: Grade-4 | R100: Y | S100: N | T100: 10355 | U100: Satender Singh | X100: FPVPS0192J | Y100: 776070746166 | Z100: karanbharadwaj857@gmail.com | AG100: 9816446342 | AI100: AB+ve | AK100: karan.singh@horizontelecom.in | AL100: Employee | AM100: Y | AN100: Y | AO100: Y
A101: 10342 | B101: Vipin Kumar | C101: Sehdev Singh | E101: 02/Oct/1988 | F101: Nagla Kalu Betiyapur, Bharthna, District Etawah, State Uttar Pradesh 206242 | G101: AGRA | H101: 9897119595 | I101: =VLOOKUP(A101,sep!A6:D1962,4,0) -> #N/A | K101: M | L101: 01/Aug/2020 | M101: Manpower Field | N101: Airtel NMT | O101: Patroller | P101: Regular | R101: Y | V101: 100409060099 | W101: 6930675886 | X101: DNCPK1087B | Y101: 490851626995 | Z101: vipinboses4@gmail.com | AA101: '34376583978 | AD101: SBIN0012832 | AG101: 8859581013 | AL101: Employee | AM101: N | AN101: N | AO101: N
A102: 10343 | B102: Shyam Kumar | C102: Sh.Babu Lal | E102: 09/Apr/1974 | F102: Kamal Nikuj, Near IPH Water Tank, Bhagwati Nagar Lower Khalini, Shimla Urban, Kasumati, Shimla, Himachal Pradesh | G102: SHIMLA | H102: 9817038008 | I102: =VLOOKUP(A102,sep!A7:D1963,4,0) -> #N/A | J102: shyam.kumar@horizontelecom.in | K102: M | L102: 20/Oct/2020 | M102: Office Mohali | N102: SALES | O102: Senior Manager-Sales & Marketing | Q102: Grade-5 | R102: Y | S102: N | T102: 10372 | U102: Mukesh Kumar Dureja | X102: AYEPK2573Q | Y102: 474595649244 | AG102: 9816332181 | AK102: shyam.kumar@horizontelecom.in | AL102: Employee | AM102: Y | AN102: N | AO102: Y
A103: 10344 | B103: Ashu | C103: Om Prakash | E103: 15/Dec/2000 | F103: House Number 36, Nasirpur, Tehsil Sikandaro, District Hathrash, State Uttar Pradesh 204211 | G103: AGRA | H103: 6397668153 | I103: =VLOOKUP(A103,sep!A8:D1964,4,0) -> #N/A | K103: M | L103: 01/Aug/2020 | M103: Manpower Field | N103: Airtel NMT | O103: Patroller | P103: Regular | R103: Y | V103: 101525639538 | W103: 6930675892 | X103: DOTPA2935A | Y103: 412281195990 | Z103: ashu69478@gmail.com | AA103: '0244108029649 | AD103: CNRB0000244 | AG103: 7579353732 | AL103: Employee | AM103: N | AN103: N | AO103: N
A104: 10351 | B104: Goutam Kumar Das | C104: Sh.Das Kumar Tapan | E104: 06/Apr/1989 | F104: Kankai, Salabani, Baleshwar, Odisha | G104: Baleshwar | H104: 9804818182 | I104: =VLOOKUP(A104,sep!A9:D1965,4,0) -> #N/A | J104: goutam.kumar@horizontelecom.in | K104: M | L104: 19/Oct/2020 | M104: Manpower Field | N104: Human Resource | O104: Supervisor | Q104: Grade-2 | R104: Y | S104: N | T104: 4036 | U104: Ram Pal | X104: ATNPD3979K | Y104: 727166387277 | Z104: goutam.kumar@horizontelecom.in | AA104: '50100304486931 | AD104: HDFC0002457 | AK104: goutam.kumar@horizontelecom.in | AL104: Employee | AM104: Y | AN104: N | AO104: N
A105: 10354 | B105: Rajinder Yadav | C105: Sh.Samay Singh Yadav | E105: 09/Jan/1974 | F105: House Number 951, Sector 49A, Ashirwad Enclave, Chandigarh | G105: CHANDIGARH | H105: 9815049212 | I105: =VLOOKUP(A105,sep!A10:D1966,4,0) -> #N/A | J105: rajinder.yadav@horizontelecom.in | K105: M | L105: 15/Oct/2020 | M105: Office Mohali | N105: Deployement | O105: Assistant Vice President- Project & Operation | Q105: Management | R105: Y | S105: Y | T105: 3333 | U105: Aditya Kaushik | X105: AFXPR0803A | Y105: 862596750518 | Z105: rajinder.yadav@horizontelecom.in | AA105: '008201530923 | AD105: ICIC0000082 | AK105: rajinder.yadav@horizontelecom.in | AL105: Manager | AM105: Y | AN105: N | AO105: Y
A106: 10355 | B106: Satender Singh | C106: Sh.Marchand Singh | E106: 02/Sep/1973 | F106: House Number 10071, Sector 125, Sunny Enclave, Greater Mohali | G106: MOHALI | H106: 9815188554 | I106: =VLOOKUP(A106,sep!A11:D1967,4,0) -> #N/A | J106: Satender.singh@horizontelecom.in | K106: M | L106: 19/Nov/2020 | M106: Office Mohali | N106: SALES | O106: Territory Sales Head | R106: Y | S106: Y | T106: 3333 | U106: Aditya Kaushik | X106: AEVPT3059H | Y106: 469043809301 | Z106: Satendertomer73@gmail.com | AE106: Lalita Tomer | AF106: Wife | AG106: 9815703969 | AI106: B+ve | AK106: Satender.singh@horizontelecom.in | AL106: Employee | AM106: Y | AN106: Y | AO106: N
A107: 10356 | B107: Dev Kumar | C107: Ramsanehi | E107: 13/May/1997 | F107: Village Peeli Kothi, Sangrampur, Chitrakoot, Uttar Pradesh 210204 | G107: CHHATARPUR | H107: 9936392818 | I107: =VLOOKUP(A107,sep!A12:D1968,4,0) -> #N/A | K107: M | L107: 01/Nov/2020 | M107: Manpower Field | N107: Airtel NMT | O107: Patroller | P107: Regular | R107: Y | V107: 101638611826 | W107: 6930676053 | X107: Nill | Y107: 612023445125 | Z107: devkumar14261@gmail.com | AA107: '35820624993 | AD107: SBIN0003869 | AG107: 7379552316 | AL107: Employee | AM107: N | AN107: N | AO107: N
A108: 10357 | B108: Malek Husenbhai Pratapsinh | C108: Pratapsinh Malek | E108: 14/Aug/1998 | F108: House Number 214, Ramdevji Mandir Number, Khancho,Vadod District Anand, State Gujarat 388370 | G108: BARODA | H108: 7016759732 | I108: =VLOOKUP(A108,sep!A13:D1969,4,0) -> #N/A | K108: M | L108: 01/Nov/2020 | M108: Manpower Field | N108: Airtel NMT | O108: Patroller | P108: Regular | R108: Y | V108: 101539867649 | W108: 6930676057 | X108: FWIPM3133F | Y108: 546963520379 | Z108: niteshkumar.kumar13@gmail.com | AA108: '008501018559 | AD108: ICIC0000085 | AG108: 9328122757 | AL108: Employee | AM108: N | AN108: N | AO108: N
A109: 10358 | B109: Saurabh Yadav | C109: Vinod Yadav | E109: 15/Dec/2003 | F109: Village & Post Office Bhatwara Kure Bhar, District Sultanpur, State Uttar Pradesh 228151 | G109: Kanpur | H109: 7880490313 | I109: =VLOOKUP(A109,sep!A14:D1970,4,0) -> #N/A | K109: M | L109: 01/Nov/2020 | M109: Manpower Field | N109: Airtel NMT | O109: Patroller | P109: Regular | R109: Y | V109: 101638611786 | W109: 6930676059 | X109: Nill | Y109: 816832465241 | Z109: knp.shaurabhyadav@gmail.com | AA109: '50930100030639 | AD109: BARB0BUPGBX | AG109: 8756326220 | AL109: Employee | AM109: N | AN109: N | AO109: N
A110: 10359 | B110: Jayprakash | C110: Surendra Pratap Singh | E110: 01/Jan/1977 | F110: Village Ajo, Post Office Nevaha Sujanganj, District Jounpur, State Utter Pradesh 222201 | G110: ALLAHABAD | H110: 9838573908 | I110: =VLOOKUP(A110,sep!A15:D1971,4,0) -> #N/A | K110: M | L110: 01/Nov/2020 | M110: Manpower Field | N110: Airtel NMT | O110: Patroller | P110: Regular | R110: Y | V110: 101415818673 | W110: 6930676062 | X110: DDDPS0774Q | Y110: 792597104460 | Z110: Anil.ajo1977@.gmail.com | AA110: '214282010329377 | AD110: UBIN0RRBKGS | AG110: 9919894979 | AL110: Employee | AM110: N | AN110: N | AO110: N
A111: 10360 | B111: Vineet Kumar | C111: Jai Veer Singh | E111: 10/Jan/1986 | F111: Village Mussepur, Tajpur, District Bijnor, State Uttarpradesh 246735 | G111: Meerut | H111: 9759227900 | I111: =VLOOKUP(A111,sep!A16:D1972,4,0) -> #N/A | K111: M | L111: 01/Aug/2020 | M111: Manpower Field | N111: Airtel NMT | O111: Patroller | P111: Regular | R111: Y | V111: 100522482262 | W111: 6930676064 | X111: BRIPK0408E | Y111: 835894122401 | Z111: Vineetkumarchauhan1995@gmail.com | AA111: '20232399748 | AD111: SBIN0013435 | AG111: 8126503294 | AL111: Employee | AM111: N | AN111: N | AO111: N
A112: 10361 | B112: Sandip | C112: Rajendra | E112: 12/Feb/1983 | F112: Houese Number 76, Akhlor, Rohanamills, District Muzaffarnagar, State Uttarpradesh 251202 | G112: Meerut | H112: 7500597917 | I112: =VLOOKUP(A112,sep!A17:D1973,4,0) -> #N/A | K112: M | L112: 01/Aug/2020 | M112: Manpower Field | N112: Airtel NMT | O112: Patroller | P112: Regular | R112: Y | V112: 101638611819 | W112: 6930676461 | X112: FGJPS5801M | Y112: 213593614389 | Z112: vipinsharma0593@gmail.com | AA112: '50247742892 | AD112: ALLA0210749 | AG112: 8192923024 | AL112: Employee | AM112: N | AN112: N | AO112: N
A113: 10362 | B113: Saurabh Sharma | C113: Khagendra Sharma | D113: Hema Sharma | E113: 25/Jun/1994 | F113: Village Dhanora Farm, Rampur, District Bilaspur, State Uttar Pradesh | G113: MOHALI | H113: 8859656061 | I113: =VLOOKUP(A113,sep!A18:D1974,4,0) -> #N/A | J113: saurabh@horizontelecom.in | K113: M | L113: 24/Nov/2020 | M113: Office Mohali | N113: SALES | O113: Sr.Business Development Executive | R113: Y | S113: N | T113: 10355 | U113: Satender Singh | Y113: 706708485364 | Z113: sharma.saurabh361@gmail.com | AE113: Hema Sharma | AF113: Mother | AI113: O+ve | AJ113: Hema Sharma,Gunjan Miglani | AK113: saurabh@horizontelecom.in | AL113: Employee | AM113: Y | AN113: N | AO113: Y
A114: 10363 | B114: Nandkishor Rathod | C114: Rameshwar Rathod | E114: 04/May/1992 | F114: Ward No.03,Jadawasa,Post Office Jadwasa,District.Ratlam M.P 457339 | G114: INDORE | H114: 9752975819 | I114: =VLOOKUP(A114,sep!A19:D1975,4,0) -> #N/A | K114: M | L114: 01/Nov/2020 | M114: Manpower Field | N114: Airtel NMT | O114: Patroller | P114: Regular | R114: Y | V114: 101638611835 | W114: 6930676479 | X114: Nill | Y114: 457829955233 | Z114: nkrathod583@gmail.com | AA114: '31588847741 | AD114: SBIN0030197 | AG114: 6264954428 | AL114: Employee | AM114: N | AN114: N | AO114: N
A115: 10372 | B115: Mukesh Kumar Dureja | C115: Bhagwan Dass Dureja | D115: Sudesh Rani | E115: 08/Feb/1978 | F115: House Number 681, Sector 23, District Bhiwani, State Haryana | G115: MOHALI | H115: 9815741270 | I115: =VLOOKUP(A115,sep!A20:D1976,4,0) -> #N/A | J115: mukesh.kumar@horizontelecom.in | K115: M | L115: 16/Dec/2020 | M115: Office Mohali | N115: SALES | O115: DGM-Sales & Marketing | R115: Y | S115: Y | T115: 10355 | U115: Satender Singh | X115: AJEPD5743L | Y115: 467510307932 | Z115: mukesh.dureja78@gmail.com | AE115: Upasna Mehta | AF115: Wife | AG115: 9915423224 | AI115: B+ve | AJ115: Upasna Mehta,Sudesh Rani | AK115: mukesh.kumar@horizontelecom.in | AL115: Manager | AM115: Y | AN115: Y | AO115: Y
A116: 10373 | B116: Vivek Kumar | C116: Rajvir Singh | E116: 01/Jul/1991 | F116: Village Akabarpur, Sikur Akbarpur, Hathras State Uttar Pradesh 202139 | G116: Meerut | H116: 8650302307 | I116: =VLOOKUP(A116,sep!A21:D1977,4,0) -> #N/A | K116: M | L116: 01/Aug/2020 | M116: Manpower Field | N116: Airtel NMT | O116: Patroller | P116: Regular | R116: Y | X116: DTKPK3022C | Y116: 823080583535 | Z116: Vivekchaudhary202139@gmail.com | AA116: '32445199320 | AD116: SBIN0011317 | AG116: 8791545945 | AL116: Employee | AM116: N | AN116: N | AO116: N
A117: 10374 | B117: Vinod Kumar | C117: Tejpal Singh | E117: 10/Jul/1981 | F117: Wazidpur, District Hathras, State Uttar Pradesh 204215 | G117: AGRA | H117: 7505068676 | I117: =VLOOKUP(A117,sep!A22:D1978,4,0) -> #N/A | K117: M | L117: 01/Aug/2020 | M117: Manpower Field | N117: Airtel NMT | O117: Patroller | P117: Regular | R117: Y | X117: BSXPK0558H | Y117: 324447638510 | Z117: 10781vinod@gmail.com | AA117: '0195101058068 | AD117: CNRB0000195 | AG117: 8650652590 | AL117: Employee | AM117: N | AN117: N | AO117: N
A118: 10385 | B118: Rajan Sharma | C118: Sh.Satpal Sharma | D118: Smt.Raj Rani | E118: 28/Jun/1988 | F118: #293/C, Shivalik Palam, Sector 127, Kharar, District Mohali State Punjab | G118: MOHALI | H118: 9888877850 | I118: =VLOOKUP(A118,sep!A23:D1979,4,0) -> #N/A | J118: rajangaur88@gmail.com | K118: M | L118: 11/Jan/2021 | M118: Office Mohali | N118: SALES | O118: Technical Support Engineer | P118: Regular | Q118: Grade-2 | R118: Y | S118: N | T118: 10355 | U118: Satender Singh | X118: DSFPS1165E | Y118: 765306000231 | Z118: rajangaur88@gmail.com | AA118: '59109888877850 | AE118: Harpreet Sharma | AF118: Wife | AG118: 7696304693 | AI118: A+ve | AJ118: Sh.Satpal Sharma,Smt Harpreet Sharma | AK118: rajangaur88@gmail.com | AL118: Employee | AM118: Y | AN118: N | AO118: N
A119: 1199 | B119: Dipti Khurana | C119: Sh. Narayan Dass | D119: Smt. Nirmal | E119: 19/Jan/1984 | F119: Hangoli Road,Vpo Mustafabad,Distt–Yamunanagar (Haryana) | G119: MOHALI | H119: 9216306101 | I119: =VLOOKUP(A119,sep!A142:D2075,4,0) -> 29 | J119: dipti.khurana@horizontelecom.in | K119: F | L119: 02/Jul/2013 | M119: Office Mohali | N119: Accounting | O119: Senior ManagerFinance | Q119: Grade-3 | R119: Y | S119: N | T119: 9675 | U119: Soni Jain | V119: 100143933530 | X119: BJTPK1163K | Y119: 426533243053 | Z119: dipti.khurana@gmail.com | AA119: '2535101007843 | AE119: Sh. Satnam Singh | AF119: Husband | AG119: 9518215832 | AJ119: Smt. Nirmal,Sh. Naryan Dass | AK119: dipti.khurana@horizontelecom.in | AL119: Accounts | AM119: Y | AN119: Y | AO119: Y
A120: 1347 | B120: Yoginder Gaur | C120: Sh.Mahender Gaur | E120: 07/Jun/1993 | F120: Vill. Sultanpur, Tehsil Farrukhnagar Dist. Gurgaon | G120: CHANDIGARH | H120: 8368174360 | I120: =VLOOKUP(A120,sep!A143:D2076,4,0) -> 30 | J120: yoginder.gaur55@gmail.com | K120: M | L120: 01/Feb/2013 | M120: Office Gurgaon | N120: Back Office Team | O120: Office Boy | Q120: Grade-4 | R120: Y | S120: N | T120: 3181 | U120: Rohit Gupta | V120: 100416756263 | X120: ANQPY8382E | Y120: 289848604814 | Z120: Yoginder.2012@rediffmail.com | AA120: '50100095297200 | AD120: HDFC0003994 | AG120: 9717098875 | AK120: yoginder.gaur55@gmail.com | AL120: Employee | AM120: Y | AN120: N | AO120: N
A121: 3003 | B121: Laxmi Narain | C121: Sh. Mahinder Kumar | D121: Smt. Nirmla Devi | E121: 02/Jan/1993 | F121: Village & Post Office Sayadwala, District Fazilka | G121: NEW DELHI | H121: 7678663191 | I121: =VLOOKUP(A121,sep!A144:D2077,4,0) -> 30 | J121: laxmi.narain@horizontelecom.in | K121: M | L121: 01/Aug/2014 | M121: Project Field | N121: GPON | O121: Network Engineer | Q121: Grade-2 | R121: Y | S121: N | T121: 3181 | U121: Rohit Gupta | X121: BNKPN9100L | Y121: 713796870327 | Z121: laxminarain104@gmail.com | AA121: '7411000100015817 | AE121: Sh. Mahinder Kumar | AF121: Father | AG121: 9463348604 | AJ121: Smt. Nirmla Devi,Sh. Mahinder Kumar | AK121: laxmi.narain@horizontelecom.in | AL121: Employee | AM121: Y | AN121: N | AO121: Y
A122: 3181 | B122: Rohit Gupta | C122: Sh. Vijay Kumar Gupta | D122: Smt. Manju Gupta | E122: 28/Mar/1987 | F122: # 1349,Sec-17-C Gurgaon. | G122: GURGAON | H122: 9599067884 | I122: =VLOOKUP(A122,sep!A145:D2078,4,0) -> 30 | J122: rohit.gupta1@horizontelecom.in | K122: M | L122: 20/Sep/2014 | M122: Project Field | N122: GPON | O122: Project Manager | Q122: Grade-3 | R122: Y | S122: Y | T122: 9558 | U122: Madhup Sharma | V122: 100320892202 | X122: BAFPG9597J | Y122: 414610603054 | Z122: deep.rohit29@gmail.com | AA122: '3145001500000397 | AB122: PUNJAB NATIONAL BANK | AC122: Sukhrali, HR | AE122: Mrs. Reema Goyal | AF122: Wife | AG122: 0 | AJ122: Mrs. Reema Goyal,Smt. Manju Gupta | AK122: rohit.gupta1@horizontelecom.in | AL122: Manager | AM122: Y | AN122: N | AO122: Y
A123: 319 | B123: Jaspal Thakur | D123: Smt. Batni Devi | F123: #5621 Sec-56.Chd | G123: MOHALI | H123: 9317555225 | I123: =VLOOKUP(A123,sep!A146:D2079,4,0) -> 29 | J123: jaspal.thakur@horizontelecom.in | K123: M | L123: 01/Feb/2013 | M123: Office Mohali | N123: Accounting | O123: Senior Manager Account | Q123: Grade-3 | R123: Y | S123: N | T123: 9675 | U123: Soni Jain | AG123: 8872077225 | AI123: O+ve | AJ123: Mrs. Amita Thakur | AK123: jaspal.thakur@horizontelecom.in | AL123: Accounts | AM123: Y | AN123: Y | AO123: Y
A124: 326 | B124: Vinod | C124: Sh.Sakal Sah | E124: 30/Oct/1983 | F124: Vill Faizullahpur, Post Office Baikunthpur, District Gopalganj | H124: 7491009517 | I124: =VLOOKUP(A124,sep!A147:D2080,4,0) -> 30 | J124: vinodproject83@gmail.com | L124: 22/Aug/2013 | M124: Project Field | N124: BHARTI TELESONIC | O124: Technician | R124: Y | V124: 100036512268 | X124: CJQPK4187B | Y124: 417460633020 | Z124: vinodproject83@gmail.com | AA124: '3179674168 | AG124: 7491009517 | AK124: vinodproject83@gmail.com | AL124: Employee | AM124: N | AN124: N | AO124: N
A125: 330 | B125: Ajay Kaushik | C125: Sh. Om Prakash Sharma | D125: Smt Chnadarkala | E125: 26/Jun/1967 | F125: H.No. 180 C, Mian Wali Colony | G125: GURGAON | H125: 9810387071 | I125: =VLOOKUP(A125,sep!A148:D2081,4,0) -> 30 | J125: ajay.kaushik@horizontelecom.in | K125: M | L125: 01/Feb/2013 | M125: Office Gurgaon | N125: Board of Member | O125: General Manager | Q125: Management | R125: Y | S125: Y | T125: 330 | U125: Ajay Kaushik | V125: 100097902271 | X125: APDPK1314F | Y125: 417955325113 | Z125: 123.kaushik@gmail.com | AA125: '002101510927 | AB125: ICICI BANK | AC125: Sector 14, Gurgaon | AE125: Smt. Kavita Sharma | AF125: Wife | AG125: N/A | AI125: O+ve | AJ125: Mrs. Kavita Sharma,Mr. Aman Kaushik | AK125: ajay.kaushik@horizontelecom.in | AL125: SuperAdmin | AM125: Y | AN125: Y | AO125: Y
A126: 3333 | B126: Aditya Kaushik | C126: Sh Om Parkash Sharma | D126: Smt Chanderkala Sharma | E126: 15/Jul/1977 | F126: # 1865, Nirvana Society, Sec 49 B | G126: CHANDIGARH | H126: 9814834433 | I126: =VLOOKUP(A126,sep!A149:D2082,4,0) -> 30 | J126: aditya_kaushik@horizontelecom.in | K126: M | L126: 01/Feb/2013 | M126: Office Mohali | N126: Board of Member | O126: Managing Director | Q126: Management | R126: Y | S126: Y | V126: 100097753345 | X126: ANCPK2289C | Y126: 334114178905 | Z126: adityakaus@gmail.com | AA126: '181001000002247 | AB126: Indian Overseas Bank | AC126: Sector-45, Chandigarh | AE126: Manjula Kaushik | AF126: Wife | AG126: N/A | AI126: O+ve | AJ126: Manjula Kaushik,Kshitij Kaushik | AK126: aditya_kaushik@horizontelecom.in | AL126: SuperAdmin | AM126: N | AN126: Y | AO126: Y
A127: 4036 | B127: Ram Pal | C127: Sh. Preemu Ram | D127: Smt. Devki Devi | E127: 18/Jun/1988 | F127: #83, Phase-1 Chandigarh | G127: MOHALI | H127: 9592012005 | I127: =VLOOKUP(A127,sep!A150:D2083,4,0) -> 30 | J127: ram.pal@horizontelecom.in | K127: M | L127: 01/Apr/2015 | M127: Office Mohali | N127: Human Resource | O127: HR Manager | Q127: Grade-3 | R127: Y | S127: Y | T127: 3333 | U127: Aditya Kaushik | V127: 100301880154 | X127: BOTTPP4406B | Y127: 675663205576 | Z127: rppalmba311@gmail.com | AE127: Mrs. Vinta | AF127: Wife | AG127: 9817884839 | AI127: B+ve | AJ127: Mrs. Vinta,Mr. Sukhdev | AK127: ram.pal@horizontelecom.in | AL127: HR | AM127: Y | AN127: N | AO127: Y
A128: 4059 | B128: Ranjeet Kumar | C128: Sh. Indra Kumar Jha | D128: Smt. Meena Devi | E128: 01/Jan/1987 | F128: Village Arer Dih, Post Office Arer Hat, District Madhubani State Bihar 847222 | G128: GURGAON | H128: 7042711104 | I128: =VLOOKUP(A128,sep!A151:D2084,4,0) -> 30 | J128: ranjeet.jha@horizontelecom.in | K128: M | L128: 02/Mar/2015 | M128: Office Gurgaon | N128: Human Resource | O128: HR Executive | Q128: Grade-2 | R128: Y | S128: N | T128: 4036 | U128: Ram Pal | V128: 100470870844 | X128: BGKPK9819E | Y128: 371282708521 | Z128: ranjeetkjha87@gmail.com | AA128: '50100030413063 | AB128: HDFC Bank | AC128: Noida, UP | AE128: Mrs. Rachna | AF128: Wife | AG128: 8406048576 | AI128: B+ve | AJ128: Mrs. Rachna Kumari,Smt. Meena Devi | AK128: ranjeet.jha@horizontelecom.in | AL128: HR | AM128: Y | AN128: Y | AO128: Y
A129: 4064 | B129: Nandita Rana | C129: Sh. Jagbir Singh | D129: Smt. Santosh Rana | E129: 17/May/1992 | F129: House No. 15,Mohila Sodian Da Bagh ,Kurali Tehsil Kharar, District Mohali, State Punjab 140103 | G129: MOHALI | H129: 8146622003 | I129: =VLOOKUP(A129,sep!A152:D2085,4,0) -> 30 | J129: nandita.rana@horizontelecom.in | K129: F | L129: 05/May/2015 | M129: Office Mohali | N129: Deployement | O129: Project Management Officer | Q129: Grade-2 | R129: Y | S129: Y | T129: 3333 | U129: Aditya Kaushik | V129: 100679425613 | X129: DGBPR0636D | Y129: 710667853885 | Z129: nanditarana92@gmail.com | AA129: '55144718995 | AE129: Sh. Jagbir Singh | AF129: Father | AG129: 9463147278 | AI129: AB-ve | AJ129: Sh. Jagbir Singh,Smt. Santosh Rana | AK129: nandita.rana@horizontelecom.in | AL129: SuperAdmin | AM129: Y | AN129: Y | AO129: Y
A130: 4078 | B130: Manjula Kaushik | C130: Sh. Satish Mohan Bhardwaj | E130: 07/Jan/1980 | F130: # 3071, Sbi Society, Sec 49 Chandigarh | H130: N/A | I130: =VLOOKUP(A130,sep!A153:D2086,4,0) -> 30 | L130: 01/Apr/2015 | M130: Office Mohali | N130: Board of Member | O130: Managing Director | R130: Y | V130: 100523314533 | X130: BTQPK5509J | Y130: 858077753507 | AA130: '181001000002260 | AD130: IOBA0001810 | AG130: N/A | AL130: Employee | AM130: N | AN130: N | AO130: N
A131: 4110 | B131: Chandni Jain | C131: Sh. Naresh Chandra Jain | E131: 01/Jul/1989 | F131: Huzrat Pull Near Janak Hospital In Pawan Vihar Colony District Gwalior, State Madhya Pradesh | G131: Gurugram | H131: 9643897290 | I131: =VLOOKUP(A131,sep!A154:D2087,4,0) -> 30 | J131: chandni.jain@horizontelecom.in | K131: F | L131: 27/Jul/2015 | M131: Office Gurgaon | N131: Human Resource | O131: Sr. HR Executive | Q131: Grade-2 | R131: Y | S131: N | T131: 4036 | U131: Ram Pal | V131: 100428884253 | X131: ANVPJ3219N | Y131: 504505598510 | Z131: chandni.jain@horizontelecom.in | AA131: '3047101006126 | AD131: CNRB0005479 | AG131: 9643897290 | AK131: chandni.jain@horizontelecom.in | AL131: Employee | AM131: N | AN131: N | AO131: N
A132: 4118 | B132: Jitender Jitender | C132: Sh. KIshan Kumar | D132: Smt. Rati Devi | E132: 16/Oct/1988 | F132: Vill Garhi, Bazid | G132: GURGAON | H132: 9811934972 | I132: =VLOOKUP(A132,sep!A155:D2088,4,0) -> 30 | J132: jitender.monika123@gmail.com | K132: M | L132: 13/Jun/2015 | M132: Project Field | N132: BHARTI TELESONIC | O132: Technician | Q132: Grade-2 | R132: Y | S132: N | T132: 3181 | U132: Rohit Gupta | V132: 100695020080 | Y132: 597238887671 | Z132: jitender.monika123@gmail.com | AA132: '981193497215 | AE132: Mrs. Monika Yadav | AF132: Wife | AG132: 9466153024 | AJ132: Mrs. Monika Yadav,Sh. KIshan Kumar | AK132: jitender.monika123@gmail.com | AL132: Employee | AM132: Y | AN132: N | AO132: Y
A133: 4137 | B133: Dhanraj | C133: Sh. Zile Singh | E133: 12/Oct/1992 | F133: Ranji , Lal Ki Dhani, Khurampur, Khera Gurgaon | H133: 9812941301 | I133: =VLOOKUP(A133,sep!A156:D2089,4,0) -> 30 | L133: 08/May/2014 | M133: Office Gurgaon | N133: Back Office Team | O133: Driver | R133: N | V133: 100788144048 | X133: NA | Y133: 946279231474 | AA133: '77490100010487 | AD133: PUNB0HGB001 | AG133: 9812941301 | AL133: Employee | AM133: N | AN133: N | AO133: N
A134: 4218 | B134: Avnish Sharma | C134: Sh. Ramprakash Sharma | E134: 15/Mar/1990 | F134: F-1 Quarter, Ayurvedik Campus Amkho,Lashkar District Gwalior State Madhya Pradesh | G134: MOHALI | H134: 000 | I134: =VLOOKUP(A134,sep!A157:D2090,4,0) -> 30 | J134: avnish.sharma@horizontelecom.in | K134: M | L134: 28/Mar/2016 | M134: Office Mohali | N134: Accounting | O134: Senior Account Executive | R134: Y | S134: N | T134: 9675 | U134: Soni Jain | V134: 101158929585 | X134: ENQPS8219Q | Y134: 854588677690 | Z134: avnish.sharma@horizontelecom.in | AA134: '33121534645 | AD134: SBIN0010537 | AK134: avnish.sharma@horizontelecom.in | AL134: Employee | AM134: Y | AN134: Y | AO134: N
A135: 4219 | B135: Ashtosh Bali | C135: Sh. Kamal Mohan | D135: Smt. Nirmal Bali | E135: 02/Nov/1991 | F135: #487 Ranjeet Gali District Yamunanager Haryana | G135: MOHALI | H135: 8541854184 | I135: =VLOOKUP(A135,sep!A158:D2091,4,0) -> 18 | J135: ashutosh.bali@horizontelecom.in | K135: M | L135: 28/Mar/2016 | M135: Office Mohali | N135: IT | O135: Nework Administrator | Q135: Grade-2 | R135: Y | S135: N | T135: 8289 | U135: Kuldeep Singh | V135: 101364310862 | X135: BSBPA9753N | Y135: 463879632287 | Z135: ashutoshbali487@gmail.com | AA135: '100061775625 | AE135: Smt. Nirmal Bali | AF135: Mother | AG135: 9729298394 | AI135: B+ve | AJ135: Smt. Nirmal Bali,Sh. Kamal Mohan | AK135: ashutosh.bali@horizontelecom.in | AL135: Employee | AM135: Y | AN135: Y | AO135: Y
A136: 4238 | B136: Neha Sambher | C136: Sh. Susheel Kumar | D136: Smt. Vijay Kumari | E136: 06/Aug/1988 | F136: Mohla Poria Wala Bazaar,Distt. Una. H.P | G136: MOHALI | H136: 8219771550 | I136: =VLOOKUP(A136,sep!A159:D2092,4,0) -> 30 | J136: info@horizontelecom.in | K136: F | L136: 01/Jun/2016 | M136: Office Mohali | N136: Human Resource | O136: Sr. HR Executive | Q136: Grade-2 | R136: Y | S136: Y | T136: 3333 | U136: Aditya Kaushik | V136: 100739660003 | X136: BBSPN5988G | Y136: 631066920422 | Z136: sam06neha@gmail.com | AA136: '005801602650 | AE136: Smt. Vijay Kumari | AF136: Mother | AG136: 9815436540 | AI136: AB+ve | AJ136: Smt. Vijay Kumari,Sh. Susheel Kumar | AK136: info@horizontelecom.in | AL136: SuperAdmin | AM136: Y | AN136: N | AO136: Y
A137: 4254 | B137: Baldev Singh Sidhu | C137: Sh. Mohinder Singh | D137: Smt. Jaswinder Kaur | E137: 28/Jan/1987 | F137: Flat No 3404, 4Th Floor, Skylark Apartments, Sec 115, Kharar Landran Road Mohali, Punjab. | G137: MOHALI | H137: 9646736338 | I137: =VLOOKUP(A137,sep!A160:D2093,4,0) -> 30 | J137: baldev.sidhu@horizontelecom.in | K137: M | L137: 16/Aug/2016 | M137: Sales Field | N137: SALES | O137: Senior Manager | P137: Regular | Q137: Grade-4 | R137: N | S137: Y | T137: 3333 | U137: Aditya Kaushik | V137: 100529123870 | X137: CZJPS7106M | Y137: 581894497022 | Z137: er.baldevsidhu@gmail.com | AA137: '005801585047 | AE137: Mrs. Vandana Gondhra | AF137: Wife | AG137: 752881000 | AI137: O+ve | AJ137: Mrs. Vandana Gondhra,Sh. Mohinder Singh | AK137: baldev.sidhu@horizontelecom.in | AL137: Manager | AM137: Y | AN137: N | AO137: Y
A138: 4262 | B138: Anish Kumar | C138: Sh. Jeet Ram | D138: Smt. Kaushlya | E138: 04/Jul/1990 | F138: Village And Post Office Naggal, Hisar Road Ambala City 134003 | G138: MOHALI | H138: 8725031090 | I138: =VLOOKUP(A138,sep!A161:D2094,4,0) -> 29 | J138: anish.dhiman@horizontelecom.in | K138: M | L138: 26/Sep/2016 | M138: Office Mohali | N138: Human Resource | O138: HR Executive | Q138: Grade-1 | R138: Y | S138: N | T138: 4036 | U138: Ram Pal | V138: 101158908915 | X138: FMHPK5647F | Y138: 696323273002 | Z138: dhimans252@gmail.com | AE138: Sh. Jeet Ram | AF138: Father | AG138: 9729682591 | AI138: B+ve | AJ138: Smt. Kaushlya,Sh. Jeet Ram | AK138: anish.dhiman@horizontelecom.in | AL138: HR | AM138: Y | AN138: Y | AO138: Y
A139: 4274 | B139: Prasad Jaganath Mali | C139: Jagnath Laxman Mali | E139: 26/Feb/1980 | F139: House Number 209, Village Umbarde, Post Office Koproli, Taluka Pen, District Raigarh, State Maharashtra 402107 | G139: Navi Mumbai | H139: 9221010333 | I139: =VLOOKUP(A139,sep!A162:D2095,4,0) -> 30 | K139: M | L139: 01/Nov/2016 | M139: Manpower Field | N139: Airtel NMT | O139: Rigger | P139: Contractual | R139: Y | V139: Nill | W139: Nill | X139: Nill | Y139: 922152269916 | Z139: Nil | AA139: '4413060903 | AD139: KKBK0001985 | AG139: Nil | AL139: Employee | AM139: N | AN139: N | AO139: N
A140: 4290 | B140: Kalishankar | C140: Radhe Sham | E140: 08/Jan/1994 | F140: Village Roshan Ganj,Post Office Rasul Pur Maurawan,District Unnao, State Uttar Pradesh-209821 | G140: Malad | H140: 8108534892 | I140: =VLOOKUP(A140,sep!A163:D2096,4,0) -> 30 | K140: M | L140: 01/Nov/2016 | M140: Manpower Field | N140: Airtel NMT | O140: Labour | P140: Contractual | R140: Y | V140: Nill | W140: Nill | X140: Nill | Y140: 672684546015 | Z140: Nil | AA140: '102050109096 | AD140: COSB0000102 | AG140: Nil | AL140: Employee | AM140: N | AN140: N | AO140: N
A141: 4291 | B141: Baban Vishawnath Ghughe | C141: Visvanath Shivaji Ghughe | E141: 15/Sep/1980 | F141: House Number 1364, Village Tetar Ali Ghansoli Gav, Navi Mumbai, State Maharashtra 400701 | G141: Malad | H141: 9594044246 | I141: =VLOOKUP(A141,sep!A164:D2097,4,0) -> 30 | K141: M | L141: 01/Nov/2016 | M141: Manpower Field | N141: Airtel NMT | O141: Rigger | P141: Contractual | R141: Y | V141: Nill | W141: Nill | X141: Nill | Y141: 327627296686 | Z141: Nil | AA141: '319902010413395 | AD141: UBIN0531995 | AG141: Nil | AL141: Employee | AM141: N | AN141: N | AO141: N
A142: 4308 | B142: Mahindra Baban Shid | C142: Baban Shid | E142: 01/Jan/1985 | F142: House No 245, Village Hedavali (Khairwadi), Post-Ainghar, Taluka Roha, District Raigar, State Maharashtra 402126 | G142: Nagothane | H142: 8975104902 | I142: =VLOOKUP(A142,sep!A165:D2098,4,0) -> 30 | K142: M | L142: 01/Nov/2016 | M142: Manpower Field | N142: Airtel NMT | O142: Labour | P142: Contractual | R142: Y | V142: Nill | W142: Nill | X142: Nill | Y142: 794403270398 | Z142: Nil | AA142: '60048937086 | AD142: MAHB0000936 | AG142: Nil | AL142: Employee | AM142: N | AN142: N | AO142: N
...
